Синоптический_индекс_станции,Дата_по_Гринвичу,Сумма_осадков,Средняя_температура
20046,1981-11-21T03:00:00Z,22.7,-8.95
20046,1989-11-17T06:00:00Z,33.6,-17.650000000000002
20046,1992-02-06T18:00:00Z,21.2,-16.4
20046,2004-12-15T18:00:00Z,44.9,-9.65
20046,2007-11-21T18:00:00Z,21.1,-8.45
20046,2007-11-23T06:00:00Z,23.1,-6.875
20046,2007-12-13T18:00:00Z,28.9,-15.850000000000001
20046,2007-12-14T06:00:00Z,24.4,-15.15
20046,2007-12-24T06:00:00Z,26.2,-19.775
20046,2007-12-24T18:00:00Z,46.8,-15.6
20046,2007-12-25T06:00:00Z,23.5,-7.225
20046,2008-02-10T18:00:00Z,35.3,-12
20046,2008-02-11T06:00:00Z,36.2,-6.725
20046,2008-03-29T18:00:00Z,21.3,-16.825
20046,2011-02-22T18:00:00Z,22.6,-29.45
20046,2011-02-26T06:00:00Z,34.2,-11.95
20046,2011-02-26T18:00:00Z,27,-6.824999999999999
20087,2010-01-21T03:00:00Z,23.4,-21.275
20107,1978-03-19T09:00:00Z,23.9,-8.525
20107,1979-05-27T15:00:00Z,20.6,-3.375
20107,1981-12-21T21:00:00Z,25.9,-7.5
20107,1982-04-05T09:00:00Z,20,-9.3
20107,1982-04-06T09:00:00Z,37.7,-7.1
20107,1986-03-16T09:00:00Z,22.2,-3.425
20107,1992-01-19T18:00:00Z,26.599999999999998,-6.2
20107,1999-10-16T18:00:00Z,27,-2.1
20107,2001-11-20T15:00:00Z,23.2,-2.075
20107,2002-12-02T21:00:00Z,20.2,-5.65
20107,2003-03-20T18:00:00Z,42.5,-7.375
20107,2013-11-15T06:00:00Z,23.6,-1.075
20107,2015-10-23T09:00:00Z,22,-1.75
20107,2016-03-14T18:00:00Z,24,-1.725
20476,2008-02-12T15:00:00Z,21.9,-25.45
20476,2008-03-27T15:00:00Z,25.5,-11.325
20476,2009-01-13T03:00:00Z,35.2,-18.875
20476,2015-12-22T15:00:00Z,26.2,-19.225
20667,2003-03-22T06:00:00Z,21.2,-4.675
30554,1977-04-04T15:00:00Z,24.5,-7.275
30554,1990-03-02T12:00:00Z,518.3,-76.1
30554,1990-03-03T09:00:00Z,1132.7,-38.4
30554,1990-03-03T15:00:00Z,723.1,-88.9
30554,1990-03-04T00:00:00Z,415.9,-24.9
30554,1990-03-04T06:00:00Z,1132.7,-12.8
30554,1990-03-05T00:00:00Z,415.9,-50.5
30554,1990-03-05T12:00:00Z,620.7,-89.6
30554,1990-03-06T09:00:00Z,518.3,-51.2
30554,1994-04-21T06:00:00Z,25.5,-1.125
30555,1985-09-08T00:00:00Z,25.8,-0.275
30565,1984-04-19T18:00:00Z,22.8,-4.1
30635,1987-05-07T00:00:00Z,3289.4,-46.93333333333333
30635,1987-05-07T15:00:00Z,518.3,-51.2
30635,1987-05-08T15:00:00Z,1554.8999999999999,-46.46666666666667
30635,1987-05-09T03:00:00Z,2060.6,-38.4
30635,1987-05-09T15:00:00Z,415.9,-76.8
30635,1987-05-09T21:00:00Z,313.5,-50.5
30635,1987-05-10T09:00:00Z,1753.4,-44.8
30635,1987-05-10T21:00:00Z,3295.7,-42.666666666666664
30635,1987-05-11T12:00:00Z,620.7,-38.4
30635,1990-02-13T12:00:00Z,518.3,-76.1
30635,1990-02-13T18:00:00Z,415.9,-37.7
30635,1990-02-14T12:00:00Z,422.2,-56.9
30635,1990-02-14T21:00:00Z,831.8000000000001,-50.5
30635,1990-02-15T09:00:00Z,620.7,-50.5
30635,1999-11-23T15:00:00Z,21.3,-16.225
30636,1987-07-09T18:00:00Z,211.1,-76.8
30636,1987-07-10T09:00:00Z,825.5,-89.6
30673,1987-10-14T15:00:00Z,934.2,-51.2
30673,1987-10-15T00:00:00Z,415.9,-24.9
30673,1987-10-15T09:00:00Z,1139,-51.199999999999996
30673,1987-10-15T21:00:00Z,627,-50.5
30673,1987-10-16T06:00:00Z,723.1,-76.8
30673,1987-10-16T12:00:00Z,415.9,-15.775
30692,2010-10-09T12:00:00Z,20.3,-2.175
30703,2011-04-28T18:00:00Z,21.1,-0.975
30710,2011-04-29T00:00:00Z,21.8,-0.4
30710,2011-10-31T09:00:00Z,20.2,-1.45
30745,1993-04-20T15:00:00Z,20.3,-1.275
30815,1979-05-02T15:00:00Z,21.7,-4.05
30815,1979-05-06T15:00:00Z,20.6,-1.3499999999999999
30815,1980-05-29T15:00:00Z,26.6,-0.975
30815,1980-09-09T21:00:00Z,37.9,-0.39999999999999997
30815,1981-04-26T00:00:00Z,26,-2.1666666666666665
30815,1981-05-08T18:00:00Z,20.1,-2.025
30815,1981-09-24T21:00:00Z,20.3,-2.925
30815,1982-04-30T21:00:00Z,21.1,-2.15
30815,1983-09-12T00:00:00Z,26.2,-0.2
30815,1983-09-21T06:00:00Z,25.3,-1.75
30815,1983-10-02T18:00:00Z,22.9,-1.925
30815,1984-06-07T00:00:00Z,28.2,-0.2
30815,1984-09-21T18:00:00Z,40.2,-1.775
30815,1985-04-18T21:00:00Z,20.4,-2.05
30815,1985-09-13T00:00:00Z,24.7,-0.6
30815,1985-10-09T03:00:00Z,28.5,-2.425
30815,1986-09-13T21:00:00Z,22.4,-0.725
30815,1987-06-08T09:00:00Z,29.7,-0.575
30815,1987-10-04T15:00:00Z,23.9,-5.325
30815,1988-05-07T21:00:00Z,25.2,-0.75
30815,1988-05-08T09:00:00Z,41.6,-1.425
30815,1988-10-09T15:00:00Z,22.1,-3.05
30815,1989-09-22T00:00:00Z,36.8,-3.975
30815,1990-04-29T15:00:00Z,23.6,-3.8000000000000003
30815,1990-05-08T21:00:00Z,21.4,-2.966666666666667
30815,1990-09-27T12:00:00Z,22.1,-1.375
30815,1991-09-24T12:00:00Z,20.2,-1.7
30815,1992-09-03T15:00:00Z,40.9,-1.55
30815,1992-09-04T03:00:00Z,21.8,-1.725
30815,1993-09-15T06:00:00Z,31.7,-0.5
30815,1994-04-29T15:00:00Z,21.1,-3.125
30815,1994-05-18T09:00:00Z,26.7,-2.3249999999999997
30815,1994-05-23T03:00:00Z,32.9,-1
30815,1994-10-13T15:00:00Z,28,-5.4
30815,1995-04-19T15:00:00Z,24.3,-5.575
30815,1996-09-17T00:00:00Z,28.9,-0.1
30815,1997-04-07T15:00:00Z,27.4,-2.55
30815,1998-04-20T15:00:00Z,42.3,-8.7
30815,1999-05-22T00:00:00Z,23.5,-0.1
30815,2000-04-27T15:00:00Z,22.7,-3.35
30815,2002-04-04T15:00:00Z,20.2,-11.5
30815,2002-05-01T03:00:00Z,23.1,-6.15
30815,2002-10-27T15:00:00Z,21,-7.725
30815,2002-10-28T03:00:00Z,20.7,-11.625
30815,2003-04-10T15:00:00Z,23.9,-6.15
30815,2003-09-29T15:00:00Z,26.6,-2.325
30815,2003-10-31T15:00:00Z,27,-7.475
30815,2005-04-07T15:00:00Z,21.4,-8.4
30815,2006-05-02T15:00:00Z,21.1,-3.225
30815,2007-05-22T18:00:00Z,31.9,-0.7000000000000001
30815,2007-06-01T18:00:00Z,30.4,-1.5999999999999999
30815,2007-06-02T06:00:00Z,35.4,-0.875
30815,2007-09-24T21:00:00Z,37.5,-0.9500000000000001
30815,2008-05-01T15:00:00Z,20.4,-3.425
30815,2008-05-25T15:00:00Z,33.1,-1.85
30815,2008-09-08T21:00:00Z,21.9,-0.35
30815,2008-10-17T03:00:00Z,24.4,-1.4
30815,2009-09-18T15:00:00Z,25.4,-3.8
30815,2009-09-19T03:00:00Z,29.6,-3.925
30815,2009-09-19T15:00:00Z,33.6,-1.075
30815,2009-10-08T12:00:00Z,33.9,-0.9500000000000001
30815,2011-04-28T18:00:00Z,55.5,-5.025
30815,2011-05-03T15:00:00Z,31.9,-3.275
30815,2011-05-07T21:00:00Z,28.6,-1.4
30815,2012-04-17T18:00:00Z,23.4,-3
30815,2012-04-22T03:00:00Z,23.6,-4.975
30815,2012-05-20T15:00:00Z,43.1,-1
30815,2012-05-21T03:00:00Z,35.9,-2.05
30815,2012-05-27T03:00:00Z,24.1,-3.15
30815,2012-09-30T09:00:00Z,21,-0.45
30815,2012-10-11T03:00:00Z,24.1,-5.825
30815,2014-05-06T15:00:00Z,23.6,-3.525
30815,2014-05-07T03:00:00Z,26.6,-5.25
30815,2014-05-07T15:00:00Z,27.6,-4.425
30815,2014-05-11T15:00:00Z,28.6,-4.25
30815,2015-05-01T15:00:00Z,31.6,-3.95
30815,2015-10-06T09:00:00Z,21.6,-2.075
30822,1989-11-05T03:00:00Z,23,-2.125
30822,2006-11-25T15:00:00Z,21.2,-9.925
30823,1987-07-27T21:00:00Z,1855.8000000000002,-34.13333333333333
30823,1987-07-29T06:00:00Z,3090.9,-51.16666666666667
30823,1987-07-29T18:00:00Z,518.3,-51.2
30823,1987-07-30T15:00:00Z,723.1,-25.6
30823,1987-07-31T00:00:00Z,415.9,-51.2
30823,1987-07-31T12:00:00Z,620.7,-63.9
30823,1990-04-12T12:00:00Z,518.3,-12.8
30823,1990-04-13T00:00:00Z,2470.2,-64
30823,1990-04-14T18:00:00Z,415.9,-24.9
30823,1990-04-15T00:00:00Z,3398.1,-59.5
30823,1990-04-15T12:00:00Z,2783.7,-34.13333333333333
30823,1990-04-16T00:00:00Z,1759.7,-76.8
30823,1990-04-16T12:00:00Z,1337.5,-64
30825,1987-05-02T06:00:00Z,2367.8,-83.19999999999999
30825,1987-05-02T15:00:00Z,1139,-76.8
30825,1987-05-03T03:00:00Z,2163,-38.4
30825,1987-05-04T06:00:00Z,620.7,-12.8
30825,1987-05-04T15:00:00Z,415.9,-38.4
30825,1987-05-05T00:00:00Z,211.1,-25.6
30825,1987-05-05T12:00:00Z,1548.6,-38.4
30825,1987-05-05T21:00:00Z,524.6,-64
30859,2002-04-06T03:00:00Z,20.9,-4.2
30879,1989-05-17T12:00:00Z,1235.1,-38.4
30879,1989-05-17T18:00:00Z,108.7,-38.4
30879,1989-05-18T18:00:00Z,518.3,-25.6
30879,1989-05-19T06:00:00Z,1132.7,-64
30879,1989-05-19T12:00:00Z,1132.7,-89.6
30879,1989-05-19T18:00:00Z,2470.2,-57.6
30879,1989-05-20T09:00:00Z,108.7,-64
30879,1989-05-20T21:00:00Z,415.9,-12.8
30879,1989-05-21T06:00:00Z,1235.1,-12.8
30879,1989-05-21T12:00:00Z,1024,-64
30879,1989-12-08T09:00:00Z,211.1,-88.9
30879,1989-12-08T15:00:00Z,422.2,-63.3
30879,1989-12-09T00:00:00Z,422.2,-37.7
30879,1989-12-10T15:00:00Z,518.3,-24.9
30879,1989-12-10T21:00:00Z,313.5,-50.5
30879,1989-12-11T09:00:00Z,319.8,-53.85
30879,2001-10-15T12:00:00Z,22.3,-2.6
30915,1988-12-13T12:00:00Z,1049.2,-82.525
30915,1988-12-14T12:00:00Z,313.5,-63.3
30915,1988-12-14T21:00:00Z,211.1,-89
30915,1988-12-15T06:00:00Z,524.6,-69.7
30915,1988-12-16T06:00:00Z,211.1,-76.1
30925,2009-09-19T00:00:00Z,25.5,-0.2
30925,2012-04-22T18:00:00Z,23.4,-0.8333333333333334
30954,2002-04-06T03:00:00Z,49.1,-8.35
31004,1991-05-21T18:00:00Z,21.7,-1.225
31004,2003-09-10T15:00:00Z,23.3,-1.05
31004,2004-06-02T21:00:00Z,23.8,-0.35
31004,2009-05-11T15:00:00Z,29.3,-0.8250000000000001
31026,2003-10-07T03:00:00Z,20.3,-2.35
31062,1989-10-24T03:00:00Z,211.1,-24.9
31062,1989-10-25T06:00:00Z,211.1,-50.5
31062,1989-10-25T12:00:00Z,313.5,-76.1
31062,1989-10-26T00:00:00Z,1663.6,-47.3
31062,1989-11-06T06:00:00Z,211.1,-24.9
31062,1998-09-26T15:00:00Z,26.1,-0.4
31062,1998-10-03T03:00:00Z,24.4,-1.025
31088,1987-11-11T03:00:00Z,22.7,-7
31092,1977-10-17T00:00:00Z,21.5,-1.175
31092,1977-11-28T03:00:00Z,25,-3.6500000000000004
31092,1977-11-28T15:00:00Z,31.6,-1.6666666666666667
31092,1978-04-26T12:00:00Z,22.8,-1.55
31092,1981-05-03T15:00:00Z,25.8,-1.45
31092,1981-10-23T12:00:00Z,20.7,-5.65
31092,1981-10-24T00:00:00Z,27.299999999999997,-3.25
31092,1982-10-26T12:00:00Z,26.9,-1.125
31092,1983-01-13T00:00:00Z,21.599999999999998,-2.25
31092,1984-11-27T12:00:00Z,32,-10.45
31092,1985-02-09T00:00:00Z,20.700000000000003,-7.625
31092,1985-03-26T12:00:00Z,21.7,-2.05
31092,1985-03-27T00:00:00Z,27.7,-2.725
31092,1985-04-09T12:00:00Z,23.799999999999997,-3.15
31092,1988-04-28T18:00:00Z,27.2,-0.85
31092,1989-04-02T12:00:00Z,24.5,-3.25
31092,1989-12-16T00:00:00Z,24.3,-4.65
31092,1990-04-06T00:00:00Z,41.1,-1.075
31092,1990-04-06T18:00:00Z,23.8,-0.4666666666666667
31092,1990-07-06T03:00:00Z,1343.8000000000002,-51.2
31092,1990-11-08T21:00:00Z,415.9,-15.625
31092,1990-11-10T03:00:00Z,108.7,-37.7
31092,1990-11-10T18:00:00Z,723.1,-76.8
31092,1996-11-07T00:00:00Z,48,-8.5
31092,1997-03-31T00:00:00Z,27.6,-3.9
31092,2000-10-15T12:00:00Z,23.9,-2.35
31092,2000-10-25T12:00:00Z,30,-2.825
31092,2000-10-26T00:00:00Z,30.3,-1.2
31092,2001-11-13T00:00:00Z,25.1,-2.5
31092,2002-11-10T12:00:00Z,22.2,-3.1750000000000003
31092,2003-10-12T12:00:00Z,25,-0.375
31092,2006-11-18T15:00:00Z,20.4,-0.375
31092,2007-11-14T21:00:00Z,25.5,-0.3
31092,2008-11-27T12:00:00Z,28.2,-7.625
31092,2010-11-23T00:00:00Z,47.7,-0.925
31092,2010-12-13T00:00:00Z,27.9,-0.55
31092,2016-04-04T00:00:00Z,23.1,-2.225
31102,1991-06-15T15:00:00Z,20.4,-0.375
31102,1996-09-18T03:00:00Z,24,-1.175
31102,1998-09-28T21:00:00Z,32.4,-0.2
31137,1977-09-18T15:00:00Z,20.1,-4.675
31137,1982-09-26T15:00:00Z,35.7,-0.9500000000000001
31137,1987-10-06T03:00:00Z,25.2,-5.95
31137,1988-04-16T15:00:00Z,22.7,-5.8999999999999995
31137,1988-04-17T03:00:00Z,28.7,-7.575
31137,1988-04-30T15:00:00Z,23.8,-5.9
31137,2001-05-13T15:00:00Z,28.5,-1.15
31137,2001-09-13T21:00:00Z,36.5,-1.7249999999999999
31137,2011-09-13T18:00:00Z,34.2,-1
31152,1987-09-27T00:00:00Z,21.6,-1.075
31152,1990-03-29T18:00:00Z,620.7,-12.8
31152,1990-03-30T00:00:00Z,313.5,-12.8
31152,1990-03-30T12:00:00Z,319.8,-44.45
31152,1990-03-30T21:00:00Z,1049.2,-66.675
31152,1990-10-06T03:00:00Z,1452.5,-41.6
31152,2008-10-25T12:00:00Z,44.6,-4
31168,1977-11-22T12:00:00Z,20.2,-4.25
31168,1979-12-20T15:00:00Z,22.700000000000003,-5.825
31168,1980-12-03T09:00:00Z,25,-0.7000000000000001
31168,1980-12-03T21:00:00Z,27.4,-1.2000000000000002
31168,1980-12-08T00:00:00Z,29.5,-1.85
31168,1981-05-03T12:00:00Z,23.8,-1.325
31168,1983-05-10T12:00:00Z,21.200000000000003,-0.9
31168,1988-05-01T12:00:00Z,31.3,-0.925
31168,1988-05-02T00:00:00Z,21.7,-0.42500000000000004
31168,1999-01-27T00:00:00Z,25.8,-9.95
31168,2001-11-11T00:00:00Z,24.5,-2.575
31168,2005-05-03T00:00:00Z,20.4,-0.4
31168,2005-05-03T21:00:00Z,20.5,-0.1
31168,2005-11-08T00:00:00Z,21.1,-0.45
31168,2008-05-05T12:00:00Z,23.4,-0.625
31168,2008-05-06T00:00:00Z,26.3,-0.75
31168,2012-03-18T00:00:00Z,20.2,-11.4
31168,2012-04-14T00:00:00Z,25.7,-1.975
31168,2013-12-11T12:00:00Z,23.1,-3.6
31174,1981-05-12T18:00:00Z,22.299999999999997,-0.6
31174,1982-11-23T00:00:00Z,24,-2.85
31174,1985-10-17T09:00:00Z,23.8,-0.3
31174,1991-10-28T03:00:00Z,22.1,-0.825
31174,1998-11-01T21:00:00Z,30.6,-0.3
31235,1978-10-10T21:00:00Z,20.5,-2.725
31235,1984-10-09T00:00:00Z,24.2,-2.925
31235,1989-10-19T03:00:00Z,1759.6999999999998,-29.633333333333333
31235,1989-10-19T15:00:00Z,211.1,-88.9
31235,1989-10-20T03:00:00Z,729.4,-12.45
31235,1989-10-20T15:00:00Z,422.2,-82.5
31235,1989-10-21T00:00:00Z,313.5,-12.1
31235,2010-09-20T18:00:00Z,20.7,-0.625
31253,1981-05-02T15:00:00Z,20.8,-2
31253,1983-04-29T03:00:00Z,33.1,-0.85
31253,2005-05-11T00:00:00Z,35.3,-1
31253,2009-04-11T21:00:00Z,20.8,-0.2
31285,1978-03-30T00:00:00Z,20.200000000000003,-8.025
31285,1984-01-20T15:00:00Z,26.9,-20.1
31285,1989-09-06T06:00:00Z,825.5,-12.8
31285,1998-01-20T00:00:00Z,21.8,-19.2
31285,1998-05-19T15:00:00Z,28.5,-0.95
31285,2004-05-11T15:00:00Z,24.4,-0.16666666666666666
31285,2008-10-25T15:00:00Z,21.4,-0.45
31285,2008-11-03T12:00:00Z,24.1,-4.7749999999999995
31285,2009-03-24T00:00:00Z,25.8,-8.3
31285,2015-02-10T00:00:00Z,22.3,-18.375
31285,2015-05-05T12:00:00Z,25.7,-1.15
31285,2015-11-04T00:00:00Z,22.6,-2.525
31329,1986-05-07T03:00:00Z,20.1,-2.65
31329,1987-07-18T12:00:00Z,512,-12.8
31329,1987-07-19T00:00:00Z,1964.5,-42.666666666666664
31329,1987-07-19T15:00:00Z,723.1,-76.8
31329,1987-07-20T12:00:00Z,409.6,-51.2
31329,1987-07-20T18:00:00Z,1042.8999999999999,-64
31329,1987-07-21T06:00:00Z,518.3,-76.8
31329,1987-07-21T12:00:00Z,620.7,-76.8
31329,1987-09-14T21:00:00Z,1247.7,-37.93333333333334
31329,1987-09-15T09:00:00Z,927.9,-64
31329,1987-09-16T03:00:00Z,620.7,-51.2
31329,1988-02-19T00:00:00Z,313.8,-39.225
31329,1988-02-19T18:00:00Z,223.7,-33.53333333333333
31329,1988-02-20T09:00:00Z,223.7,-37.699999999999996
31329,1988-02-21T03:00:00Z,211.1,-88.9
31329,1988-02-21T12:00:00Z,211.1,-20.125
31362,1997-01-16T00:00:00Z,24.9,-7.75
31362,2010-05-03T15:00:00Z,26.9,-1.125
31362,2011-04-24T12:00:00Z,23.4,-1.6
31369,1979-04-09T15:00:00Z,20.5,-3.625
31369,2008-11-20T00:00:00Z,26,-2.875
31371,1988-07-13T00:00:00Z,1139,-55.43333333333333
31371,1988-07-13T12:00:00Z,614.4,-76.8
31371,1988-07-13T18:00:00Z,1759.6999999999998,-76.8
31371,1988-07-14T15:00:00Z,415.9,-76.8
31371,1988-07-15T06:00:00Z,729.4,-70.3
31371,1988-07-15T18:00:00Z,211.1,-25.6
31371,1988-07-16T09:00:00Z,723.1,-76.7
31388,1987-09-26T06:00:00Z,4108.6,-59.733333333333334
31416,2003-04-17T00:00:00Z,20.9,-1.1
31416,2011-10-17T03:00:00Z,20.9,-0.26666666666666666
31416,2015-05-05T00:00:00Z,21.1,-1.15
31436,1977-04-18T12:00:00Z,24.200000000000003,-0.55
31436,1977-11-09T00:00:00Z,21.4,-2.6999999999999997
31436,1982-01-13T03:00:00Z,22.200000000000003,-3.4749999999999996
31436,1988-12-09T00:00:00Z,31,-3.7
31436,1995-11-14T12:00:00Z,20.6,-4
31436,2003-04-17T09:00:00Z,28.6,-1.3499999999999999
31436,2012-11-29T12:00:00Z,23.1,-8.375
31439,1977-11-09T12:00:00Z,26,-5.75
31439,1977-11-10T00:00:00Z,21.4,-8.025
31439,1986-11-15T00:00:00Z,20.9,-5.55
31443,1990-02-28T06:00:00Z,108.7,-11.275
31443,1990-03-01T00:00:00Z,844.4,-60.1
31443,1990-03-01T12:00:00Z,211.1,-32.95
31459,1987-11-03T15:00:00Z,21.3,-4.075
31510,1995-04-05T21:00:00Z,25.4,-2.775
31532,1977-10-30T00:00:00Z,24.4,-1.025
31538,1985-10-16T00:00:00Z,34.8,-1.975
31538,1997-10-20T21:00:00Z,20.7,-1.475
26258,1977-12-24T15:00:00Z,21.299999999999997,-1.8
26298,1990-10-21T12:00:00Z,20.2,-1.3
26359,1992-11-14T06:00:00Z,20.1,-2.675
26359,2008-03-25T09:00:00Z,20.200000000000003,-2.125
26477,1978-12-13T21:00:00Z,20.4,-6.7
26702,1979-01-30T15:00:00Z,22.8,-3.4
26702,1983-11-22T09:00:00Z,20.8,-2.625
26702,2006-11-02T21:00:00Z,26.1,-0.5
26706,1979-01-30T15:00:00Z,31.5,-4.075
26781,1993-10-23T21:00:00Z,20.1,-2.05
26781,2013-03-15T06:00:00Z,20.200000000000003,-4.05
26976,2005-01-27T06:00:00Z,23.1,-11.5
27008,2009-12-26T06:00:00Z,21.2,-5.975
27208,2012-11-30T06:00:00Z,26.4,-9.275
27225,2013-02-04T18:00:00Z,28.3,-4.125
27277,2009-11-08T06:00:00Z,20.2,-0.875
27385,1993-10-17T00:00:00Z,22.6,-0.4666666666666667
27385,2013-03-19T06:00:00Z,22.4,-6.925
27208,2012-11-30T06:00:00Z,26.4,-9.275
27225,2013-02-04T18:00:00Z,28.3,-4.125
27277,2009-11-08T06:00:00Z,20.2,-0.875
27385,1993-10-17T00:00:00Z,22.6,-0.4666666666666667
27385,2013-03-19T06:00:00Z,22.4,-6.925
27612,1981-12-14T09:00:00Z,23.2,-2.875
27625,1996-12-15T18:00:00Z,23.7,-3.625
27648,1982-01-07T06:00:00Z,21,-17.575
27648,1986-02-24T06:00:00Z,20.6,-1.15
27648,1998-12-10T18:00:00Z,20.4,-1.825
27648,2006-11-27T06:00:00Z,24.4,-0.325
27707,1998-10-02T00:00:00Z,20.099999999999998,-0.5
27730,1985-01-09T15:00:00Z,23.3,-6.949999999999999
27756,1998-10-02T12:00:00Z,21.4,-0.4
27756,1998-12-10T06:00:00Z,20.1,-2.85
27823,1992-10-27T18:00:00Z,20.1,-2
27823,1998-04-07T21:00:00Z,21.4,-0.13333333333333333
27823,2016-01-18T18:00:00Z,20.1,-6.975
29313,1996-05-12T00:00:00Z,22.3,-1.675
29328,1979-11-18T03:00:00Z,20.8,-4.3
29379,1995-01-05T09:00:00Z,21.2,-3.075
29430,1994-11-04T00:00:00Z,28.9,-6.875
31562,2008-11-07T00:00:00Z,21.3,-4.75
31677,1978-05-02T12:00:00Z,23.200000000000003,-1.4
31677,1995-09-11T06:00:00Z,28.6,-0.8
31677,2010-10-15T12:00:00Z,20.3,-1.425
31677,2012-10-14T21:00:00Z,22.4,-1.4
31707,1977-11-26T12:00:00Z,22,-6.15
31707,1987-03-07T03:00:00Z,627,-37.7
31707,1987-03-07T15:00:00Z,742,-40.9
31707,1987-03-08T03:00:00Z,422.2,-31.3
31707,1987-03-08T12:00:00Z,934.2,-24.900000000000002
31707,1987-03-08T21:00:00Z,415.9,-63.3
31707,1987-03-09T03:00:00Z,1439.9,-12.1
31707,1987-03-09T12:00:00Z,518.3,-37.7
31707,1987-03-09T21:00:00Z,415.9,-88.9
31707,1987-03-10T12:00:00Z,211.1,-76.1
31707,1987-03-10T18:00:00Z,313.5,-88.9
31707,1987-03-11T00:00:00Z,524.6,-18.5
31707,2013-11-18T12:00:00Z,29.3,-1.7000000000000002
31725,1983-11-16T00:00:00Z,22,-3.1
31725,1989-08-22T06:00:00Z,1139,-76.8
31725,1989-08-23T03:00:00Z,1350.1,-51.2
31725,1989-08-24T00:00:00Z,524.6,-64
31725,1989-08-24T18:00:00Z,211.1,-25.6
31725,1989-08-25T00:00:00Z,1862.1,-51.166666666666664
31725,1989-08-25T15:00:00Z,838.0999999999999,-64
31725,1989-08-26T06:00:00Z,1139,-51.1
31725,1990-09-29T15:00:00Z,415.9,-64
31725,1990-09-29T21:00:00Z,1862.1,-46.93333333333334
31725,1990-09-30T09:00:00Z,819.2,-25.6
31725,2007-02-14T00:00:00Z,21.4,-11.45
31725,2013-11-25T12:00:00Z,26,-2.2
31725,2015-12-03T00:00:00Z,20.9,-8.1
31725,2016-03-05T12:00:00Z,21.9,-3.225
31770,1978-04-07T12:00:00Z,25.6,-2.45
31770,1979-02-10T15:00:00Z,30.8,-1.9000000000000001
31770,1980-12-12T03:00:00Z,24,-3.325
31770,1980-12-12T15:00:00Z,35.5,-0.5
31770,1982-01-12T03:00:00Z,20.599999999999998,-4.9
31770,1982-12-23T00:00:00Z,29.400000000000002,-1.95
31770,1985-04-05T03:00:00Z,20.9,-0.725
31770,1986-04-15T18:00:00Z,26.3,-1.0666666666666667
31770,1988-07-08T21:00:00Z,211.1,-89.6
31770,1988-07-09T03:00:00Z,620.7,-76.8
31770,1988-07-09T09:00:00Z,1446.2,-19.200000000000003
31770,1988-07-10T03:00:00Z,518.3,-12.8
31770,1988-07-10T12:00:00Z,729.4,-76.8
31770,1988-07-11T00:00:00Z,415.9,-89.6
31770,1988-07-11T09:00:00Z,723.1,-51.2
31770,1988-11-24T21:00:00Z,49.2,-0.15000000000000002
31770,1989-11-28T00:00:00Z,20,-1.6500000000000001
31770,1989-12-27T00:00:00Z,27.9,-1.875
31770,1990-02-11T12:00:00Z,34.7,-4.6
31770,1991-01-03T00:00:00Z,24.2,-9.15
31770,1993-12-12T12:00:00Z,37.3,-6.525
31770,1994-02-22T12:00:00Z,20.5,-2.8
31770,1994-04-02T00:00:00Z,20.1,-0.875
31770,1994-04-12T21:00:00Z,31.8,-0.2
31770,1995-01-09T12:00:00Z,23.3,-5.475
31770,1996-01-03T12:00:00Z,23.8,-7.325
31770,1998-01-18T12:00:00Z,28.1,-10.25
31770,1998-12-26T00:00:00Z,23.1,-7.65
31770,2001-02-02T00:00:00Z,23.7,-12.1
31770,2001-03-22T12:00:00Z,22.9,-0.475
31770,2002-01-22T00:00:00Z,47.9,-4.575
31770,2002-04-17T12:00:00Z,22.4,-0.8
31770,2003-11-21T12:00:00Z,28.1,-2.875
31770,2004-02-03T00:00:00Z,24.6,-4.3999999999999995
31770,2004-03-30T12:00:00Z,27.2,-2.325
31770,2005-11-30T00:00:00Z,23.3,-0.35
31770,2006-03-26T00:00:00Z,39.3,-1.45
31770,2006-11-22T09:00:00Z,25.7,-3.6
31770,2007-03-11T00:00:00Z,34,-5.025
31770,2009-03-06T12:00:00Z,36.7,-1
31770,2009-03-26T12:00:00Z,28.4,-1.525
31770,2009-12-06T00:00:00Z,41.8,-1.075
31770,2009-12-28T00:00:00Z,28.4,-4.325
31770,2010-02-08T12:00:00Z,21.1,-7.5
31770,2010-02-20T00:00:00Z,20.8,-7
31770,2010-04-13T12:00:00Z,28.1,-1.9
31770,2010-12-11T12:00:00Z,46.9,-1.775
31770,2010-12-24T12:00:00Z,20.8,-0.975
31770,2011-11-24T00:00:00Z,21.7,-3.225
31770,2012-12-05T03:00:00Z,23.1,-6
31770,2013-04-07T00:00:00Z,20.3,-1.45
31770,2013-04-07T12:00:00Z,40.2,-1
31770,2015-01-06T00:00:00Z,36.2,-6.1
31770,2015-02-09T00:00:00Z,22,-4.425
31770,2015-02-23T00:00:00Z,41,-1.925
31770,2015-12-03T12:00:00Z,33.5,-1.6
31829,1977-03-23T21:00:00Z,23.7,-0.5
31829,1979-02-10T12:00:00Z,26.5,-1.625
31829,1980-12-12T00:00:00Z,21.1,-2.325
31829,1981-04-10T12:00:00Z,29.4,-0.6499999999999999
31829,1982-01-11T21:00:00Z,26.5,-1.025
31829,1982-12-22T18:00:00Z,20.700000000000003,-0.7666666666666666
31829,1983-02-11T00:00:00Z,22.7,-11.975
31829,1983-02-11T12:00:00Z,20.3,-13.274999999999999
31829,1985-02-21T00:00:00Z,26,-2.35
31829,1985-02-21T12:00:00Z,26.799999999999997,-3.45
31829,1989-11-27T12:00:00Z,34,-1.575
31829,1989-11-28T00:00:00Z,29.5,-0.7
31829,1994-03-08T12:00:00Z,20.3,-0.775
31829,1997-01-02T00:00:00Z,29.5,-3.4
31829,1997-01-02T12:00:00Z,22.5,-3.6
31829,1997-03-30T06:00:00Z,31.1,-3.375
31829,1997-12-09T00:00:00Z,21.1,-1.4
31829,2001-03-26T00:00:00Z,20.1,-1.85
31829,2001-04-02T12:00:00Z,24.6,-2.775
31829,2001-04-12T18:00:00Z,22.1,-0.2
31829,2004-01-22T00:00:00Z,20.5,-3.525
31829,2004-01-22T12:00:00Z,25.5,-3.0250000000000004
31829,2004-02-03T09:00:00Z,22.1,-4.025
31829,2004-03-30T00:00:00Z,26,-0.625
31829,2005-04-07T00:00:00Z,25.3,-0.7000000000000001
31829,2005-04-20T21:00:00Z,20.2,-0.45
31829,2005-04-21T09:00:00Z,25.7,-1.1500000000000001
31829,2005-11-29T00:00:00Z,22,-0.47500000000000003
31829,2007-03-05T12:00:00Z,22.7,-5.699999999999999
31829,2009-03-06T12:00:00Z,25.7,-0.625
31829,2009-03-27T03:00:00Z,23.5,-0.175
31873,2007-03-05T00:00:00Z,24.8,-3.85
31873,2007-12-29T00:00:00Z,20,-4.975
31873,2010-11-12T00:00:00Z,22.2,-2.05
31895,1980-11-12T00:00:00Z,23.5,-5.5
31909,1983-12-26T03:00:00Z,22.9,-5.475
31909,1983-12-26T15:00:00Z,25.9,-2.325
31909,1986-01-03T15:00:00Z,24,-10.925
31909,1989-11-25T15:00:00Z,825.5,-37.7
31909,1989-11-25T21:00:00Z,723.1,-24.9
31909,1989-11-26T03:00:00Z,620.7,-88.9
31909,1990-11-10T00:00:00Z,25.1,-10.075
31909,1991-01-14T12:00:00Z,24.2,-9.65
31909,1993-01-19T00:00:00Z,25.7,-12.125
31909,1994-03-08T21:00:00Z,24.6,-3.5
31909,1994-11-24T15:00:00Z,27.2,-0.43333333333333335
31909,2001-03-04T09:00:00Z,24.4,-1.8
31909,2001-12-13T00:00:00Z,29,-6.025
31909,2003-01-03T12:00:00Z,48.7,-3.625
31909,2004-02-02T00:00:00Z,23.7,-3.4749999999999996
31909,2004-02-02T12:00:00Z,22.7,-3.525
31909,2004-11-26T21:00:00Z,27.5,-1.225
31909,2004-12-20T00:00:00Z,26,-3.65
31909,2005-03-28T18:00:00Z,34.4,-0.4
31909,2007-02-14T12:00:00Z,22,-1.55
31909,2007-03-05T00:00:00Z,39.6,-1.6
31909,2009-01-09T12:00:00Z,30.9,-10.825
31909,2009-01-10T00:00:00Z,93.1,-12.725
31909,2009-01-10T12:00:00Z,22.7,-5.55
31909,2009-01-11T12:00:00Z,21,-4.875
31909,2010-11-27T12:00:00Z,47.7,-1.6
31909,2010-12-11T09:00:00Z,20.8,-9.075
31909,2010-12-29T12:00:00Z,46.1,-6.325
31909,2011-11-23T12:00:00Z,28.7,-2.625
31909,2015-03-10T00:00:00Z,29.4,-5.875
31909,2015-12-03T09:00:00Z,20.4,-5.075
31915,1984-10-20T09:00:00Z,25,-1.5
31915,1990-12-01T00:00:00Z,23.3,-3.375
31915,2004-11-26T00:00:00Z,20.3,-3.475
31915,2006-04-19T15:00:00Z,20.4,-0.675
31915,2007-03-04T12:00:00Z,42.3,-5
31931,2002-10-22T00:00:00Z,20.9,-1.025
31931,2002-10-26T12:00:00Z,24.3,-2.8
31931,2002-10-27T00:00:00Z,27.1,-0.575
31931,2007-12-29T00:00:00Z,23.8,-5.125
31931,2014-12-01T03:00:00Z,22.4,-9.65
31959,1982-01-11T03:00:00Z,27.299999999999997,-4.55
31959,1986-03-15T21:00:00Z,22.9,-0.1
31959,1997-01-01T12:00:00Z,23.5,-3.075
31959,2003-01-03T12:00:00Z,34.2,-4.45
31959,2004-11-26T21:00:00Z,25.1,-0.8666666666666667
31959,2005-02-19T12:00:00Z,26.9,-2.175
31959,2007-02-14T12:00:00Z,23.2,-0.6
31959,2009-02-13T00:00:00Z,22.3,-1.4500000000000002
31959,2010-03-15T00:00:00Z,21.9,-2.75
31959,2010-11-27T21:00:00Z,28.8,-7.075
31959,2010-12-10T12:00:00Z,34.9,-3.3
31960,1980-10-25T21:00:00Z,25.8,-1.1
31960,1989-11-05T12:00:00Z,22.1,-0.875
31960,2002-01-07T12:00:00Z,28.4,-2.775
31960,2004-11-26T03:00:00Z,30.4,-1.575
31960,2004-12-19T12:00:00Z,32.2,-11.6
31960,2006-02-25T00:00:00Z,31.7,-2.45
31960,2006-02-25T12:00:00Z,21.4,-4.875
31960,2006-04-19T12:00:00Z,23.7,-0.225
31960,2007-02-14T00:00:00Z,31.2,-0.725
31960,2007-03-04T12:00:00Z,48.9,-4.125
31960,2009-12-05T06:00:00Z,32,-4.775
31960,2010-03-15T00:00:00Z,32.4,-1.75
31960,2011-04-22T18:00:00Z,22,-0.275
31960,2014-11-12T06:00:00Z,33.6,-0.7000000000000001
31961,2001-03-04T12:00:00Z,28.5,-5.275
31961,2007-02-14T09:00:00Z,23.1,-6.05
31961,2015-04-02T21:00:00Z,27.7,-0.1
31969,1994-03-22T12:00:00Z,25.3,-0.17500000000000002
31969,2002-01-20T15:00:00Z,25.7,-0.23333333333333334
31969,2002-01-21T06:00:00Z,25.7,-2.35
31969,2004-11-26T09:00:00Z,25,-2.5
31969,2007-03-04T12:00:00Z,28.2,-0.375
31969,2009-12-25T12:00:00Z,23.6,-5.95
31969,2013-11-17T09:00:00Z,39.5,-0.975
31989,1979-02-13T12:00:00Z,28.3,-1.2
31989,1985-01-19T12:00:00Z,26.5,-1.475
31989,2003-01-03T00:00:00Z,22.3,-2.325
31989,2009-12-05T21:00:00Z,28.9,-6.5
31989,2010-03-15T00:00:00Z,31.8,-1.575
31989,2013-02-01T21:00:00Z,21.4,-4.35
32014,2014-12-21T12:00:00Z,23.4,-2.225
32027,1989-12-05T00:00:00Z,37.6,-2.225
32027,1989-12-05T12:00:00Z,26.5,-2.4
32027,1994-11-28T00:00:00Z,20.1,-3.975
32053,1980-11-13T12:00:00Z,21,-5.45
32053,1980-12-13T03:00:00Z,20.5,-1.275
32053,1981-12-13T12:00:00Z,20.1,-3
32053,1982-10-25T15:00:00Z,26.7,-1.025
32053,1983-10-20T06:00:00Z,27.9,-2.525
32053,2003-05-07T12:00:00Z,21.9,-0.9750000000000001
32053,2006-02-27T00:00:00Z,20.2,-10.100000000000001
32053,2015-01-27T00:00:00Z,26.7,-8.025
32061,1979-04-10T12:00:00Z,24.799999999999997,-2.575
32061,2010-11-22T18:00:00Z,20.3,-2.1
32071,1987-02-26T00:00:00Z,24.6,-11.375
32071,1990-11-20T21:00:00Z,28.4,-5.25
32071,1999-10-16T12:00:00Z,25.5,-1.775
32076,1979-02-11T00:00:00Z,38,-5
32076,1980-12-12T15:00:00Z,20.6,-0.65
32076,1980-12-14T00:00:00Z,27.1,-0.65
32076,1981-05-14T12:00:00Z,21.3,-0.2
32076,1982-04-17T15:00:00Z,23.4,-0.25
32076,1982-04-18T03:00:00Z,20.6,-0.3
32076,1986-01-04T12:00:00Z,22,-10.125
32076,1989-05-14T15:00:00Z,29.4,-0.5
32076,1990-12-23T06:00:00Z,31,-0.3
32076,1991-05-01T06:00:00Z,26.1,-0.4
32076,1992-04-29T06:00:00Z,20.3,-0.17500000000000002
32076,1992-04-30T12:00:00Z,25.4,-0.375
32076,1992-05-01T12:00:00Z,27.1,-0.5
32076,1993-04-06T12:00:00Z,27.5,-1.275
32076,1993-12-22T00:00:00Z,28.8,-0.7749999999999999
32076,1994-04-02T00:00:00Z,22.4,-2.85
32076,1997-03-01T00:00:00Z,45.3,-6.975
32076,2002-04-17T12:00:00Z,23.8,-0.9
32076,2003-01-28T12:00:00Z,23.9,-4
32076,2004-04-20T12:00:00Z,39.9,-0.975
32076,2004-11-15T21:00:00Z,20.5,-1.8
32076,2010-04-01T12:00:00Z,23.6,-2.1999999999999997
32076,2010-05-07T00:00:00Z,21.6,-0.475
32076,2010-12-24T00:00:00Z,35.2,-0.625
32076,2010-12-24T12:00:00Z,29.3,-0.775
32076,2011-04-02T00:00:00Z,20.4,-1.0250000000000001
32076,2013-04-07T12:00:00Z,36.6,-1.225
32076,2013-04-08T00:00:00Z,43.5,-0.85
32076,2013-12-10T12:00:00Z,38.1,-1.375
32076,2014-04-05T00:00:00Z,23.7,-1.7750000000000001
32076,2015-03-10T12:00:00Z,22.9,-0.8500000000000001
32088,1980-03-11T00:00:00Z,23.799999999999997,-9.875
32088,1983-01-08T12:00:00Z,22.5,-7.85
32088,2007-03-11T12:00:00Z,28.1,-3.2
32098,1977-03-24T00:00:00Z,25,-4.05
32098,1989-11-28T12:00:00Z,22.3,-0.675
32098,1993-04-02T12:00:00Z,22.4,-1.025
32098,1994-02-21T12:00:00Z,46.6,-4.25
32098,1994-03-09T00:00:00Z,22.4,-1.7
32098,1994-04-12T12:00:00Z,25.8,-0.45
32098,2005-11-29T21:00:00Z,22.8,-0.1
32098,2009-03-22T12:00:00Z,20.4,-2.0500000000000003
32098,2011-04-23T12:00:00Z,24.2,-0.625
32098,2013-04-07T18:00:00Z,24,-0.525
32098,2015-12-03T12:00:00Z,28.4,-2.075
32121,1983-01-08T12:00:00Z,24.1,-7.125
32121,1990-02-12T12:00:00Z,20.8,-6.55
32121,2001-03-05T00:00:00Z,20.7,-8.85
32121,2002-01-22T00:00:00Z,24.6,-0.875
32121,2007-03-05T12:00:00Z,21.7,-5
32121,2007-03-12T00:00:00Z,23.9,-2.9499999999999997
32121,2009-02-15T12:00:00Z,23.6,-4.575
32145,1982-11-24T12:00:00Z,22.9,-2.45
32145,1988-11-24T15:00:00Z,52.8,-0.4
32145,1999-12-17T06:00:00Z,20.7,-1.25
32145,2001-03-04T12:00:00Z,47.3,-2.975
32145,2002-11-21T00:00:00Z,25.6,-3.8
32145,2003-01-04T00:00:00Z,24.6,-2.975
32145,2004-01-22T00:00:00Z,44,-0.625
32145,2005-12-18T06:00:00Z,44.5,-0.6333333333333333
32145,2013-11-10T09:00:00Z,27.4,-1.75
32149,1978-02-01T03:00:00Z,23.9,-10.5
32149,1980-01-14T12:00:00Z,29.799999999999997,-5.8
32149,1981-11-27T12:00:00Z,20.5,-3.95
32149,1991-12-28T12:00:00Z,22.1,-2.5
32149,1993-01-28T12:00:00Z,22.7,-0.325
32149,1994-03-24T00:00:00Z,23.1,-1.45
32149,1994-03-24T12:00:00Z,30.6,-2.35
32149,1996-03-31T12:00:00Z,23.2,-1.675
32149,1996-12-05T12:00:00Z,22.8,-0.5
32149,2004-01-10T12:00:00Z,26.5,-1.575
32149,2004-01-13T00:00:00Z,26.9,-3.875
32149,2004-01-23T00:00:00Z,21.5,-2.575
32149,2009-01-19T00:00:00Z,21.9,-1.65
32149,2009-02-14T00:00:00Z,21.2,-2
32149,2010-03-21T00:00:00Z,22.5,-1.925
32149,2012-04-03T12:00:00Z,24,-2.325
32149,2013-03-01T12:00:00Z,20.2,-4.1
32149,2014-12-17T00:00:00Z,32.7,-0.475
32149,2015-02-27T00:00:00Z,31.5,-1.9
32149,2015-03-23T12:00:00Z,41.6,-2.15
32150,1979-02-01T00:00:00Z,21.5,-12.924999999999999
32150,2003-01-04T12:00:00Z,21.8,-6.15
32150,2011-04-16T18:00:00Z,22.3,-0.30000000000000004
32150,2012-04-04T00:00:00Z,24.3,-2.9
32150,2012-12-06T21:00:00Z,20.7,-0.5
32150,2013-11-10T09:00:00Z,29.8,-2.15
32150,2014-04-04T12:00:00Z,23.6,-3.175
32165,1978-03-01T09:00:00Z,21.2,-6.9
32165,1979-03-30T12:00:00Z,22,-1.65
32165,1979-04-30T21:00:00Z,25.2,-0.3
32165,1980-01-14T00:00:00Z,32.5,-0.775
32165,1980-03-11T00:00:00Z,25.4,-6.775
32165,1999-03-22T00:00:00Z,21.9,-5.25
32165,2001-03-26T21:00:00Z,28,-1.0250000000000001
32165,2003-03-28T00:00:00Z,23.5,-0.4
32165,2004-02-23T00:00:00Z,20.6,-2.35
32165,2005-03-17T18:00:00Z,22.5,-0.1
32165,2014-03-18T00:00:00Z,20.4,-0.875
32165,2015-02-15T00:00:00Z,22.2,-2.25
32165,2015-02-27T00:00:00Z,20.8,-0.5
32174,1978-01-22T03:00:00Z,28.200000000000003,-1.825
32174,1978-02-16T00:00:00Z,21.7,-7.5
32174,1978-03-11T03:00:00Z,30.9,-1.25
32174,1979-03-31T00:00:00Z,25.3,-2.5
32174,1981-04-03T09:00:00Z,48.1,-1.35
32174,1983-03-18T00:00:00Z,25.6,-2.6500000000000004
32174,1988-12-28T12:00:00Z,21.3,-1.7000000000000002
32174,1989-12-28T09:00:00Z,23.4,-1.2
32174,1994-02-13T12:00:00Z,20.3,-2.275
32174,1995-01-26T12:00:00Z,25.7,-0.75
32174,1995-01-27T00:00:00Z,49.3,-1.25
32174,1995-01-27T12:00:00Z,36.9,-2.025
32174,1996-03-22T12:00:00Z,25.9,-1.85
32174,1998-12-26T12:00:00Z,20.7,-1.45
32174,1999-12-07T09:00:00Z,30.9,-1
32174,2000-02-16T12:00:00Z,22.8,-1.275
32174,2003-03-04T00:00:00Z,32.1,-4.55
32174,2003-03-08T12:00:00Z,21.1,-3.2
32174,2003-04-06T09:00:00Z,22.3,-0.375
32174,2003-04-06T21:00:00Z,21.7,-1.25
32174,2004-02-03T00:00:00Z,24.6,-0.5499999999999999
32174,2004-02-23T00:00:00Z,20.1,-3.45
32174,2004-12-16T12:00:00Z,21,-1.1
32174,2005-01-30T09:00:00Z,28.4,-2.775
32174,2005-03-25T12:00:00Z,29.4,-3.55
32174,2009-02-14T00:00:00Z,20.3,-0.875
32174,2009-02-20T12:00:00Z,21.8,-1.025
32174,2009-12-21T00:00:00Z,23.3,-2.75
32174,2012-01-23T12:00:00Z,29.7,-0.225
32174,2013-02-08T06:00:00Z,20,-2.425
32174,2014-02-17T12:00:00Z,28.6,-1.35
32174,2014-04-01T00:00:00Z,29.4,-1.7
32174,2014-04-04T21:00:00Z,33.2,-0.65
32174,2015-02-04T12:00:00Z,22.8,-1.525
32174,2015-02-14T12:00:00Z,26.3,-0.975
32174,2015-03-04T21:00:00Z,25.2,-0.95
32174,2016-04-15T09:00:00Z,30.1,-1.075
32213,1978-03-02T03:00:00Z,20.1,-4.7
32213,1981-04-03T12:00:00Z,31.7,-1.2
32213,1981-12-30T15:00:00Z,29.799999999999997,-2.7
32213,1984-02-07T03:00:00Z,24.4,-1.625
32213,1984-02-08T15:00:00Z,27.5,-0.8
32213,1984-02-28T12:00:00Z,20.7,-0.625
32213,1985-12-10T00:00:00Z,25.3,-2.3
32213,1986-04-06T00:00:00Z,44.6,-0.8
32213,1987-04-11T12:00:00Z,22.9,-2.1
32213,1988-03-13T00:00:00Z,66.5,-2.725
32213,1988-03-13T21:00:00Z,45.5,-0.8
32213,1990-02-26T00:00:00Z,21.4,-2.5749999999999997
32213,1994-01-15T12:00:00Z,43,-2.25
32213,1994-02-10T12:00:00Z,51.7,-1.025
32213,2004-01-05T15:00:00Z,20,-0.425
32213,2012-12-31T00:00:00Z,23.9,-1.675
32213,2013-02-09T00:00:00Z,38.9,-1.7
32246,2013-03-10T12:00:00Z,21.9,-4.15
32246,2013-03-25T00:00:00Z,22.9,-2
32252,2003-12-18T00:00:00Z,22.7,-9.45
32287,1988-03-14T09:00:00Z,4006.2,-54.766666666666666
32287,1988-03-14T21:00:00Z,1235.1,-76.1
32287,1988-03-15T03:00:00Z,1868.3999999999999,-57.6
32287,1990-01-24T18:00:00Z,415.9,-13.4
32287,1990-01-25T12:00:00Z,518.3,-12.1
32287,1990-01-25T18:00:00Z,1241.4,-50.5
32287,1990-01-26T06:00:00Z,1343.8000000000002,-41.25
32287,2005-11-05T18:00:00Z,25.2,-1.225
32363,1981-11-02T06:00:00Z,21.4,-2.15
32363,1986-11-17T12:00:00Z,22.5,-4.625
32389,1984-02-05T03:00:00Z,22.700000000000003,-0.8
32389,1985-02-05T12:00:00Z,30.2,-1.525
32389,1988-03-16T12:00:00Z,21.9,-0.25
32389,1994-01-16T00:00:00Z,22.6,-1.725
32389,1994-01-16T12:00:00Z,20.2,-1.225
32389,1995-02-12T12:00:00Z,25.9,-1.4
32389,2005-01-11T06:00:00Z,22.1,-2.7
32389,2007-02-20T00:00:00Z,20.9,-14.2
32411,1982-01-05T12:00:00Z,21.5,-3.5500000000000003
32411,1987-05-13T21:00:00Z,22.7,-0.1
32411,1990-02-23T12:00:00Z,23.3,-1.625
32447,2002-11-14T12:00:00Z,22.2,-0.675
32447,2003-12-20T00:00:00Z,20.2,-5.65
32447,2007-02-20T12:00:00Z,23.7,-11.625
32447,2007-02-28T12:00:00Z,22.8,-8.625
32447,2007-03-01T00:00:00Z,22.9,-4.9
32447,2007-03-01T12:00:00Z,23.5,-4.85
32447,2014-10-29T00:00:00Z,25.1,-1.125
32477,1982-01-05T12:00:00Z,20,-1.45
32477,1998-10-16T21:00:00Z,27.5,-1.9
32477,2007-11-15T12:00:00Z,20.3,-1.3
32509,1977-01-29T12:00:00Z,32.2,-1.2
32509,1977-03-10T00:00:00Z,24.2,-2.2
32509,1977-12-01T09:00:00Z,52.3,-0.125
32509,1978-12-05T12:00:00Z,20.1,-3.025
32509,1979-02-02T15:00:00Z,21.299999999999997,-2.0500000000000003
32509,1979-02-03T03:00:00Z,30.700000000000003,-1.75
32509,1979-03-12T12:00:00Z,22,-3.05
32509,1980-01-30T03:00:00Z,20.700000000000003,-0.625
32509,1980-02-01T00:00:00Z,24.4,-1.9249999999999998
32509,1980-02-03T06:00:00Z,27.8,-0.375
32509,1980-02-28T15:00:00Z,23.8,-1.425
32509,1980-03-11T12:00:00Z,26.5,-2.2
32509,1980-03-31T03:00:00Z,20.6,-2.775
32509,1982-01-06T00:00:00Z,21.099999999999998,-0.2
32509,1984-01-18T18:00:00Z,20.5,-0.3333333333333333
32509,1984-02-04T21:00:00Z,25.6,-0.75
32509,1984-02-29T00:00:00Z,37.6,-0.4
32509,1984-12-22T12:00:00Z,27.400000000000002,-3.75
32509,1985-02-05T00:00:00Z,21.3,-1.1
32509,1985-02-12T00:00:00Z,25.5,-0.7
32509,1985-02-12T12:00:00Z,27.799999999999997,-0.475
32509,1985-02-13T12:00:00Z,20.200000000000003,-0.4
32509,1986-01-03T00:00:00Z,27.1,-1.825
32509,1986-01-06T00:00:00Z,29,-1.7
32509,1986-01-16T00:00:00Z,20.5,-1.5
32509,1986-01-17T09:00:00Z,23,-0.4
32509,1986-01-19T12:00:00Z,27.1,-0.47500000000000003
32509,1986-03-18T00:00:00Z,21.1,-2.95
32509,1986-04-06T12:00:00Z,34.8,-0.7
32509,1987-05-02T00:00:00Z,24.1,-0.55
32509,1988-01-23T12:00:00Z,20.1,-4.625
32509,1988-01-24T00:00:00Z,41.4,-0.725
32509,1988-01-24T12:00:00Z,27.4,-0.425
32509,1988-03-13T12:00:00Z,27.4,-4.25
32509,1988-03-16T00:00:00Z,27.3,-0.825
32509,1988-12-02T12:00:00Z,22.6,-1.1500000000000001
32509,1989-03-17T12:00:00Z,21.4,-0.725
32509,1989-04-04T12:00:00Z,39.9,-0.175
32509,1989-04-05T09:00:00Z,36,-0.9
32509,1990-01-25T12:00:00Z,23,-1.7000000000000002
32509,1990-03-05T12:00:00Z,26,-2.725
32509,1990-04-09T21:00:00Z,22.1,-0.3
32509,1991-03-25T00:00:00Z,27.9,-1.575
32509,1991-04-19T03:00:00Z,26,-0.35
32509,1992-02-21T12:00:00Z,25,-0.9
32509,1992-02-22T00:00:00Z,28.2,-0.525
32509,1993-04-26T09:00:00Z,38.5,-0.35
32509,1994-01-15T12:00:00Z,20.4,-3.125
32509,1994-01-16T00:00:00Z,28,-1.175
32509,1994-02-11T00:00:00Z,34.3,-1.1
32509,1994-02-11T12:00:00Z,24.8,-0.525
32509,1994-02-14T00:00:00Z,28.9,-1.1749999999999998
32509,1994-04-09T00:00:00Z,25.2,-0.9
32509,1994-04-14T00:00:00Z,26.1,-1
32509,1994-04-18T12:00:00Z,25.3,-0.75
32509,1994-04-19T18:00:00Z,26.8,-0.15000000000000002
32509,1995-03-05T00:00:00Z,31.7,-0.4
32509,1995-03-05T12:00:00Z,28.5,-0.575
32509,1995-03-25T12:00:00Z,25.7,-4.15
32509,1995-03-26T00:00:00Z,28.6,-2.05
32509,1999-12-15T00:00:00Z,30.9,-0.8
32509,1999-12-22T12:00:00Z,30.4,-3.35
32509,1999-12-23T00:00:00Z,33.4,-2.375
32509,2000-11-29T06:00:00Z,20.1,-0.375
32509,2002-03-31T12:00:00Z,55.1,-0.65
32509,2002-04-04T00:00:00Z,57.9,-0.225
32509,2002-04-04T12:00:00Z,51.5,-0.2
32509,2002-04-07T12:00:00Z,77.3,-0.2
32509,2003-02-12T12:00:00Z,27.9,-1.825
32509,2004-11-27T12:00:00Z,21.8,-1.675
32509,2004-12-11T12:00:00Z,25.7,-4.025
32509,2005-01-11T00:00:00Z,21.7,-0.2
32509,2005-02-02T00:00:00Z,22.4,-1
32509,2007-02-20T00:00:00Z,32.9,-3
32509,2007-03-04T12:00:00Z,25.3,-0.425
32509,2007-12-15T12:00:00Z,22.7,-1.175
32509,2008-01-10T12:00:00Z,23.1,-3.8499999999999996
32509,2008-02-28T12:00:00Z,28.8,-1
32509,2009-12-04T12:00:00Z,24.5,-3.575
32509,2010-04-14T12:00:00Z,32.1,-3.75
32509,2011-11-03T21:00:00Z,24.6,-0.6666666666666666
32509,2012-03-19T00:00:00Z,27.8,-1.25
32509,2013-02-03T12:00:00Z,28.2,-1.875
32509,2013-03-22T00:00:00Z,24.1,-1.3
32509,2013-04-12T00:00:00Z,32,-0.575
32509,2014-01-31T12:00:00Z,25.3,-2.725
32509,2014-02-09T00:00:00Z,27.1,-0.75
32509,2014-02-09T12:00:00Z,45.9,-0.65
32509,2014-02-10T00:00:00Z,21.9,-0.55
32509,2014-02-14T00:00:00Z,23.9,-0.5
32509,2015-01-28T12:00:00Z,25.2,-0.35000000000000003
32509,2015-03-19T00:00:00Z,24.1,-0.55
32509,2015-12-26T12:00:00Z,28.4,-1.2
32539,1977-01-29T12:00:00Z,26.2,-6.025
32539,1978-11-20T12:00:00Z,25.799999999999997,-0.625
32539,1979-11-29T12:00:00Z,22.8,-1.175
32539,1980-01-11T21:00:00Z,34.3,-0.2
32539,1980-02-02T03:00:00Z,20,-3.375
32539,1980-02-02T15:00:00Z,21.200000000000003,-4.625
32539,1980-02-03T03:00:00Z,35.5,-1.85
32539,1981-01-25T12:00:00Z,23.5,-9.45
32539,1982-12-31T18:00:00Z,23.9,-0.825
32539,1983-12-01T12:00:00Z,24.7,-0.675
32539,1984-01-16T12:00:00Z,22.3,-3.425
32539,1984-02-03T12:00:00Z,20.2,-11.475
32539,1984-02-04T12:00:00Z,20.2,-1.175
32539,1984-02-05T00:00:00Z,23.6,-1.05
32539,1985-02-08T12:00:00Z,30.2,-0.925
32539,1985-10-28T00:00:00Z,21,-4.275
32539,1986-01-06T00:00:00Z,21.1,-1.7
32539,1988-11-11T18:00:00Z,44.7,-0.8750000000000001
32539,1989-01-28T12:00:00Z,26.2,-2.275
32539,1989-11-14T00:00:00Z,30.4,-4.575
32539,1992-02-12T00:00:00Z,24.6,-4.1
32539,1992-02-22T00:00:00Z,21.1,-1.85
32539,1993-04-16T12:00:00Z,22.2,-1.225
32539,1994-02-14T03:00:00Z,26.5,-0.75
32539,1995-11-16T09:00:00Z,21.2,-1.95
32539,1996-11-06T00:00:00Z,20.8,-2.1
32539,1996-12-18T12:00:00Z,21,-6.35
32539,1997-01-16T00:00:00Z,20.2,-15.275
32539,1999-01-08T12:00:00Z,25.9,-0.625
32539,1999-01-09T00:00:00Z,32.6,-1
32539,1999-03-03T12:00:00Z,25.3,-8.575
32539,2004-11-27T12:00:00Z,22.6,-3.875
32539,2005-01-09T12:00:00Z,20.9,-4.65
32539,2006-01-19T00:00:00Z,22.3,-2.225
32539,2011-12-25T12:00:00Z,21.5,-10.475
32539,2012-12-23T12:00:00Z,23.6,-10.35
32539,2013-01-19T06:00:00Z,22.5,-1.55
32539,2013-04-23T12:00:00Z,22.7,-1.3
32539,2014-01-02T12:00:00Z,21.8,-8.6
32539,2014-02-09T00:00:00Z,24.9,-3.9
32547,1978-12-17T12:00:00Z,20.1,-10.85
32547,1980-02-02T15:00:00Z,20,-1.725
32547,1984-12-22T03:00:00Z,22.4,-10.625
32547,1987-12-27T00:00:00Z,24.7,-10.225
32547,1989-11-21T21:00:00Z,20,-1.5
32547,1993-03-26T12:00:00Z,28,-1.6500000000000001
32547,1997-12-31T12:00:00Z,25.8,-6.7
32547,1999-03-03T00:00:00Z,22.8,-6.175
32547,2006-03-13T00:00:00Z,20.4,-0.35
32547,2009-01-25T00:00:00Z,20.5,-1.475
32547,2009-01-28T00:00:00Z,22,-2.675
32547,2012-11-21T00:00:00Z,20.8,-2.35
32547,2013-03-19T12:00:00Z,28.7,-0.925
32547,2014-12-21T12:00:00Z,20.8,-2.375
32547,2015-12-25T12:00:00Z,29.4,-4.575
32562,1978-12-06T03:00:00Z,26.799999999999997,-5.475
32562,2004-02-25T12:00:00Z,22.2,-4.4
32562,2005-01-27T00:00:00Z,21.1,-5.125
32562,2007-02-20T12:00:00Z,22.4,-10.675
32562,2013-12-03T00:00:00Z,30,-0.95
32583,1977-04-02T12:00:00Z,30.3,-1.125
32583,1978-03-02T00:00:00Z,22.8,-3.475
32583,1978-12-17T12:00:00Z,31.700000000000003,-8.3
32583,1979-02-02T03:00:00Z,23.9,-2.275
32583,1979-02-02T15:00:00Z,22.799999999999997,-1
32583,1979-02-05T03:00:00Z,32.4,-2.3000000000000003
32583,1979-02-22T00:00:00Z,26.400000000000002,-3.3
32583,1979-02-22T12:00:00Z,26.5,-1.575
32583,1979-03-12T00:00:00Z,20.599999999999998,-3.15
32583,1979-03-12T12:00:00Z,29.8,-2.1750000000000003
32583,1980-02-02T00:00:00Z,32,-0.625
32583,1980-02-02T12:00:00Z,25.200000000000003,-1.225
32583,1980-03-11T12:00:00Z,40.3,-0.525
32583,1981-01-14T15:00:00Z,25.9,-4.175
32583,1981-02-09T15:00:00Z,23.1,-6.975
32583,1981-03-16T00:00:00Z,21.3,-3.05
32583,1981-12-24T03:00:00Z,26.6,-4.6
32583,1982-01-14T12:00:00Z,23.5,-3.3000000000000003
32583,1983-03-13T03:00:00Z,23.5,-4.75
32583,1984-02-04T21:00:00Z,32.5,-0.2
32583,1984-02-07T12:00:00Z,20.3,-2.275
32583,1984-12-22T21:00:00Z,28.1,-4.15
32583,1985-02-04T12:00:00Z,23.1,-3.075
32583,1986-01-06T00:00:00Z,45,-0.575
32583,1986-01-20T12:00:00Z,21.9,-3.375
32583,1986-01-22T12:00:00Z,30.3,-6.275
32583,1986-03-18T00:00:00Z,21.5,-1.275
32583,1986-12-15T12:00:00Z,20.8,-3.2
32583,1987-11-20T09:00:00Z,24.2,-0.4
32583,1987-11-29T00:00:00Z,20.9,-1.4
32583,1987-12-27T00:00:00Z,36.7,-7.5
32583,1988-12-07T09:00:00Z,24.3,-0.2
32583,1988-12-11T06:00:00Z,21.1,-1.4500000000000002
32583,1989-01-29T00:00:00Z,22.4,-1.275
32583,1990-01-21T00:00:00Z,20.4,-5.475
32583,1990-02-26T12:00:00Z,24.7,-4.45
32583,1990-03-05T12:00:00Z,33.6,-0.925
32583,1991-03-24T12:00:00Z,22.1,-2.5
32583,1992-03-01T09:00:00Z,20,-1.5
32583,1992-03-02T12:00:00Z,20.4,-2.0500000000000003
32583,1992-12-13T00:00:00Z,28,-0.55
32583,1993-03-26T21:00:00Z,62.5,-0.25
32583,1993-12-22T12:00:00Z,27.9,-1.475
32583,1994-12-21T12:00:00Z,20.7,-5.7
32583,1995-01-11T09:00:00Z,26.9,-1.7249999999999999
32583,1995-03-25T12:00:00Z,23.2,-4.05
32583,1995-03-26T00:00:00Z,21.6,-1
32583,1995-04-01T00:00:00Z,29.3,-1.375
32583,1995-04-01T12:00:00Z,33.7,-0.15000000000000002
32583,1996-12-21T00:00:00Z,26.7,-3.6500000000000004
32583,1997-01-15T12:00:00Z,37.2,-0.975
32583,1997-12-28T12:00:00Z,20.7,-2.925
32583,1997-12-31T12:00:00Z,38.6,-3.375
32583,1998-01-01T06:00:00Z,20,-5.75
32583,1998-05-09T03:00:00Z,22.8,-0.5
32583,1999-01-27T00:00:00Z,35.4,-1.35
32583,1999-02-28T09:00:00Z,36.6,-0.45
32583,1999-03-03T00:00:00Z,28.1,-4.35
32583,1999-03-03T12:00:00Z,30.4,-3.6
32583,2002-01-23T00:00:00Z,24,-2.15
32583,2003-01-29T00:00:00Z,23.7,-2.7
32583,2003-11-30T12:00:00Z,28.4,-1.8
32583,2004-02-05T12:00:00Z,34.2,-1.5250000000000001
32583,2005-01-26T12:00:00Z,37.9,-5.525
32583,2005-01-27T12:00:00Z,22.1,-4.325
32583,2005-02-26T00:00:00Z,21.5,-5.775
32583,2005-03-02T12:00:00Z,24.9,-2.05
32583,2006-03-20T18:00:00Z,22.4,-0.1
32583,2007-02-20T00:00:00Z,37.3,-6.575
32583,2007-03-26T00:00:00Z,26.5,-1.3
32583,2008-01-10T12:00:00Z,20.6,-4.375
32583,2008-01-11T00:00:00Z,20.1,-5.275
32583,2008-01-31T00:00:00Z,22.9,-2.8000000000000003
32583,2008-02-28T00:00:00Z,39.1,-1.925
32583,2008-02-28T12:00:00Z,48.3,-0.3
32583,2009-01-25T00:00:00Z,31.9,-1.3
32583,2009-01-28T09:00:00Z,28.7,-5.4750000000000005
32583,2009-01-28T21:00:00Z,23.6,-3.15
32583,2009-04-07T12:00:00Z,21.6,-0.25
32583,2010-01-26T21:00:00Z,20.1,-3.675
32583,2011-02-19T00:00:00Z,22,-4.5
32583,2011-12-25T12:00:00Z,22.1,-0.6
32583,2012-04-04T12:00:00Z,20.6,-3.625
32583,2013-01-03T00:00:00Z,22.8,-4.7
32583,2013-03-19T12:00:00Z,47.8,-0.8
32583,2013-03-20T09:00:00Z,22.8,-3.2
32583,2013-03-21T12:00:00Z,20.9,-1.925
32583,2013-04-11T21:00:00Z,22.7,-0.1
32583,2013-12-03T15:00:00Z,22.4,-1.7
32583,2014-02-07T18:00:00Z,20.8,-1.2750000000000001
32583,2014-03-01T00:00:00Z,31.9,-0.575
32583,2014-03-04T12:00:00Z,21.2,-3.525
32583,2014-12-23T12:00:00Z,28.7,-5.15
32583,2015-02-11T21:00:00Z,29.5,-2.05
32583,2015-03-11T12:00:00Z,29,-0.17500000000000002
32583,2015-12-25T12:00:00Z,40.3,-2.1
32583,2015-12-26T00:00:00Z,30.2,-0.25
32583,2016-03-16T00:00:00Z,23.7,-1.625
32583,2016-03-21T12:00:00Z,25.6,-0.3
32583,2016-03-22T09:00:00Z,23.4,-0.25
32586,1979-03-12T12:00:00Z,23.5,-3.175
32586,1979-04-10T15:00:00Z,21.900000000000002,-1.025
32586,1980-01-11T21:00:00Z,29.1,-0.125
32586,1980-02-01T00:00:00Z,20.6,-1.35
32586,1980-02-02T03:00:00Z,21.299999999999997,-1.45
32586,1981-12-24T03:00:00Z,22.4,-3.7
32586,1982-01-14T12:00:00Z,24.9,-4.25
32586,1983-03-14T12:00:00Z,24.2,-5.75
32586,1984-02-04T12:00:00Z,30.6,-0.8
32586,1984-02-05T00:00:00Z,22.7,-0.525
32586,1984-02-08T12:00:00Z,28.1,-2.925
32586,1984-02-28T15:00:00Z,31.9,-0.725
32586,1985-02-08T12:00:00Z,23.1,-0.7
32586,1986-01-06T00:00:00Z,26.9,-1.1
32586,1986-03-18T00:00:00Z,22.1,-2.375
32586,1986-12-20T00:00:00Z,40.5,-8.35
32586,1988-01-23T12:00:00Z,23.6,-2.975
32586,1988-11-11T21:00:00Z,28.4,-0.55
32586,1989-11-29T15:00:00Z,22.3,-0.375
32586,1993-04-26T00:00:00Z,23.9,-0.42500000000000004
32586,1995-03-05T00:00:00Z,23.7,-1.175
32586,1995-04-01T12:00:00Z,23.1,-0.875
32586,1997-12-28T12:00:00Z,25.9,-3.85
32586,1997-12-31T12:00:00Z,20.8,-3.1500000000000004
32586,2008-02-28T00:00:00Z,20.2,-2.175
32586,2011-02-28T00:00:00Z,23.1,-1.15
32586,2011-12-25T12:00:00Z,22.2,-1.725
32586,2012-03-19T12:00:00Z,32,-0.475
32586,2012-04-05T00:00:00Z,20.8,-1.825
32586,2012-12-23T12:00:00Z,27.2,-1.725
32586,2013-02-03T12:00:00Z,21.8,-1.3250000000000002
32586,2013-03-19T12:00:00Z,32.3,-1.75
32586,2013-03-21T12:00:00Z,21.2,-2.75
32586,2013-04-12T00:00:00Z,31.1,-0.4
32586,2013-04-20T09:00:00Z,23.3,-0.65
32586,2013-12-07T00:00:00Z,20.4,-5.05
32586,2013-12-28T00:00:00Z,22.1,-0.75
32586,2015-02-14T00:00:00Z,22,-0.5
32586,2015-03-11T12:00:00Z,21,-0.8
32586,2015-12-26T00:00:00Z,20.8,-0.8
33166,1981-12-14T12:00:00Z,21,-4.625
33166,1986-02-23T18:00:00Z,20.799999999999997,-4.2
33166,1999-11-18T21:00:00Z,26.6,-4.025
33166,2013-03-22T18:00:00Z,31,-4.575
33166,2013-03-23T06:00:00Z,25.6,-6.75
33166,2016-01-08T06:00:00Z,32.4,-5.4
34003,1985-01-09T09:00:00Z,21.900000000000002,-8.025
34003,2013-03-23T09:00:00Z,24.5,-7.375
34003,2015-02-02T03:00:00Z,23.3,-0.6
34003,2016-01-08T06:00:00Z,20.9,-5.375
34009,2013-03-22T18:00:00Z,23,-4.575
34009,2013-03-23T06:00:00Z,22.5,-6.3
34009,2015-02-02T00:00:00Z,26,-0.6
34009,2016-01-18T09:00:00Z,22.7,-8.45
34026,1997-11-04T06:00:00Z,24.7,-2.2
34026,2015-12-02T18:00:00Z,23.2,-0.1
34123,2006-01-20T09:00:00Z,22.8,-19.425
34123,2015-12-02T18:00:00Z,30.7,-0.1
20946,1982-12-03T15:00:00Z,20,-8.85
21802,1989-10-23T18:00:00Z,1439.9,-18.900000000000002
21802,1989-10-25T00:00:00Z,1228.8,-88.9
21802,1989-10-25T06:00:00Z,3193.2999999999997,-46.233333333333334
21802,1989-10-26T03:00:00Z,620.7,-63.3
21824,1983-12-26T15:00:00Z,20.9,-24.75
21824,1985-02-24T03:00:00Z,20.1,-18.775
21824,1985-03-02T15:00:00Z,27.1,-19
21824,1985-03-11T03:00:00Z,20.5,-24.95
21824,1987-11-28T15:00:00Z,20.6,-20.775
21824,2006-12-18T03:00:00Z,23.2,-17.725
21946,1989-10-23T09:00:00Z,723.1,-31.825
21946,1989-10-23T21:00:00Z,2681.3,-76.1
21946,1989-10-24T18:00:00Z,1343.8000000000002,-44.1
21946,1989-10-25T03:00:00Z,934.1999999999999,-31.3
21946,1989-10-25T12:00:00Z,1049.2,-37.7
21946,1989-10-26T00:00:00Z,415.9,-12.1
21946,1989-10-26T09:00:00Z,518.3,-23.875
22003,1983-03-06T21:00:00Z,21.5,-1.55
22101,1995-10-26T06:00:00Z,20.1,-3.425
22101,2001-04-09T09:00:00Z,22.5,-2.575
22217,1986-05-26T12:00:00Z,21.099999999999998,-0.35000000000000003
22235,1995-11-19T06:00:00Z,22.400000000000002,-3.625
22271,1984-05-10T15:00:00Z,21.3,-3.725
22271,1997-01-11T18:00:00Z,23,-9.7
22355,2005-04-21T06:00:00Z,22.1,-3.275
22408,1999-05-30T12:00:00Z,22.2,-0.4
22520,1991-04-20T18:00:00Z,23.1,-2.625
22583,2012-10-31T18:00:00Z,23.1,-2.4499999999999997
22641,2010-11-10T06:00:00Z,22,-1.975
27730,1985-01-09T15:00:00Z,23.3,-6.949999999999999
27756,1998-10-02T12:00:00Z,21.4,-0.4
27756,1998-12-10T06:00:00Z,20.1,-2.85
27823,1992-10-27T18:00:00Z,20.1,-2
27823,1998-04-07T21:00:00Z,21.4,-0.13333333333333333
27823,2016-01-18T18:00:00Z,20.1,-6.975
27872,1997-10-26T03:00:00Z,21.8,-0.4
27872,1998-12-11T12:00:00Z,21.8,-1.25
27947,1998-11-13T21:00:00Z,23.2,-6.75
27962,1985-11-28T06:00:00Z,22.799999999999997,-3.625
34152,1998-11-13T18:00:00Z,27.9,-5.475
34163,2002-04-04T06:00:00Z,24.1,-3.275
34172,1988-11-21T18:00:00Z,26.3,-7.875
34172,2003-10-24T03:00:00Z,27,-0.3
34202,1987-01-12T18:00:00Z,20,-9.275
34247,2002-04-03T09:00:00Z,20.4,-1.35
34321,1979-01-01T03:00:00Z,21,-18.325
34321,1980-11-07T21:00:00Z,28.1,-3.925
34321,2012-12-13T06:00:00Z,20.2,-5.4
34759,1998-03-30T15:00:00Z,21.6,-0.5
34927,1980-03-05T00:00:00Z,21.5,-2.5
34927,1996-12-24T15:00:00Z,20.3,-4.275
34927,2001-12-18T18:00:00Z,23.7,-5.675000000000001
34927,2001-12-24T21:00:00Z,28.5,-2.1
34927,2002-01-01T06:00:00Z,32.8,-0.8
34927,2006-02-06T18:00:00Z,20.5,-9.725
34927,2010-01-23T18:00:00Z,25.5,-6.475
34949,1987-01-30T06:00:00Z,20.2,-6.125
34949,2005-03-29T12:00:00Z,28.3,-2.675
34984,1998-03-18T03:00:00Z,21.5,-0.4
35007,1979-02-02T15:00:00Z,20.6,-2.275
35007,1988-03-15T18:00:00Z,22.1,-0.55
22820,1980-10-26T15:00:00Z,24.2,-1.625
22820,1991-04-20T09:00:00Z,20.7,-0.6
22837,1985-10-29T15:00:00Z,23,-2.5
22837,2004-11-26T18:00:00Z,30.1,-5.5
22854,1993-10-15T15:00:00Z,23,-1.8
22887,2016-02-16T21:00:00Z,21.3,-1.175
23022,2013-06-13T00:00:00Z,20.7,-0.39999999999999997
23032,2011-03-26T06:00:00Z,21.6,-6.85
23058,1979-10-22T15:00:00Z,20.3,-10.125
23114,1981-03-15T06:00:00Z,23.3,-9
23114,1989-12-02T18:00:00Z,29.6,-4.55
23114,1993-02-18T06:00:00Z,36.1,-8.75
23114,1994-04-21T18:00:00Z,26.9,-3.425
23114,1997-01-11T06:00:00Z,21.4,-6.699999999999999
23114,2003-03-26T18:00:00Z,27.3,-5.85
23114,2013-12-12T06:00:00Z,23.3,-7.1
23220,1979-01-28T03:00:00Z,22.400000000000002,-22.975
23220,1996-05-16T06:00:00Z,20.1,-6.75
23242,2004-10-06T06:00:00Z,31.1,-0.8
23256,1998-02-20T06:00:00Z,32.4,-23.3
23256,2003-03-14T18:00:00Z,20.6,-3.65
23256,2005-02-23T06:00:00Z,22.3,-8.675
23256,2008-02-13T06:00:00Z,31.2,-3.25
23256,2011-02-24T18:00:00Z,22.1,-11.125
23324,1997-10-15T06:00:00Z,23.1,-1.75
23324,2015-05-05T21:00:00Z,23.8,-1.4
23330,1978-05-03T06:00:00Z,21.4,-7.975
23331,1978-03-30T18:00:00Z,20.1,-5.825
23331,1986-10-11T06:00:00Z,25.6,-5.175
23331,1986-10-27T06:00:00Z,35.1,-5.05
23331,1990-06-06T06:00:00Z,36.1,-1.5
23331,1990-09-27T18:00:00Z,26.7,-1.875
23331,1990-12-15T18:00:00Z,22.3,-10.425
23331,1993-09-21T06:00:00Z,28.2,-2.825
23331,1993-09-21T18:00:00Z,30,-2.975
23331,1995-05-18T21:00:00Z,20.6,-0.875
23345,1991-02-07T18:00:00Z,22.1,-7.875
23405,2002-05-20T06:00:00Z,21.6,-2.975
23418,2002-05-24T15:00:00Z,21,-0.725
23445,1982-10-20T03:00:00Z,23.9,-11.4
23463,1997-10-16T03:00:00Z,21.7,-4.65
23552,1991-10-24T06:00:00Z,29.1,-7.725
23552,1999-06-08T03:00:00Z,29.1,-0.35000000000000003
23552,2002-02-21T06:00:00Z,22.1,-2.825
23552,2014-05-04T18:00:00Z,30,-2.375
23631,2015-10-09T06:00:00Z,23.4,-4.25
36038,2012-11-06T03:00:00Z,20.9,-0.65
36045,1980-10-08T00:00:00Z,20.2,-3.55
36045,1985-10-12T03:00:00Z,28.4,-1.45
36045,2005-04-03T15:00:00Z,26.5,-3.7249999999999996
36045,2009-10-26T12:00:00Z,23.2,-5.6499999999999995
36055,1977-10-20T00:00:00Z,21.4,-2.2
36055,1979-10-18T00:00:00Z,26.3,-0.5
36055,2005-04-03T15:00:00Z,20.6,-3.075
36064,1996-11-18T15:00:00Z,20.6,-1.975
36064,2005-04-03T15:00:00Z,23,-1.15
36229,1984-12-01T00:00:00Z,22.3,-11.875
36278,1997-01-19T15:00:00Z,43.2,-15.950000000000001
36442,1980-05-27T21:00:00Z,33.2,-1.7750000000000001
36442,1983-06-18T18:00:00Z,22.2,-1.075
36442,1986-09-03T03:00:00Z,25,-6.025
36442,1987-06-02T15:00:00Z,21,-4.75
36442,1987-07-30T18:00:00Z,22.2,-1.8
36442,1988-08-06T21:00:00Z,29.2,-0.7666666666666666
36442,1988-09-25T18:00:00Z,24.2,-1.3
36442,1993-04-21T03:00:00Z,33.1,-2.475
36442,1993-09-08T15:00:00Z,21.5,-2.55
36442,1995-06-25T12:00:00Z,21.8,-3.45
36442,1998-09-11T03:00:00Z,22.7,-3.825
36442,1999-09-07T03:00:00Z,20,-1.875
36442,2003-06-23T09:00:00Z,21.1,-0.75
36442,2005-05-28T15:00:00Z,20,-4.725
37001,2002-01-01T12:00:00Z,31.2,-0.9
37018,1978-02-21T12:00:00Z,36.4,-1.825
37018,1986-02-27T00:00:00Z,21.4,-1.1666666666666667
37018,1991-01-30T15:00:00Z,23.5,-0.4
37018,2002-01-02T00:00:00Z,43.9,-0.775
37018,2002-12-24T06:00:00Z,21.9,-3.625
37018,2003-03-22T00:00:00Z,20,-1.325
37018,2007-02-23T21:00:00Z,28.5,-3.15
37099,2015-01-09T18:00:00Z,20.2,-0.4
37107,1979-01-05T18:00:00Z,21.9,-1.7750000000000001
37107,1982-01-10T18:00:00Z,27.3,-3.075
37107,1983-01-23T18:00:00Z,22.200000000000003,-1
37107,1983-01-30T06:00:00Z,22.299999999999997,-0.75
37107,1983-03-08T18:00:00Z,20.3,-1.4
37107,1984-03-21T00:00:00Z,21.1,-0.6
37107,1987-02-25T15:00:00Z,28.6,-2.225
37107,1989-01-19T18:00:00Z,20.6,-1.175
37107,1991-02-02T06:00:00Z,20.7,-1.7
37107,1992-01-18T09:00:00Z,23.1,-1.775
37107,1992-01-18T21:00:00Z,23.3,-3.025
37107,1992-12-30T06:00:00Z,39,-1.65
37107,1994-02-04T18:00:00Z,40.9,-0.1
37107,1994-11-30T03:00:00Z,37.5,-0.2
37107,1997-02-18T03:00:00Z,20.9,-1.7
37107,1998-03-23T21:00:00Z,25,-0.325
37107,2000-01-19T18:00:00Z,31,-0.925
37107,2002-12-24T06:00:00Z,26.1,-0.9
37107,2003-03-22T03:00:00Z,25.9,-0.8500000000000001
37107,2004-02-11T00:00:00Z,20.5,-1
37107,2006-01-20T09:00:00Z,26.4,-2.175
37107,2006-03-04T03:00:00Z,39.3,-0.55
37107,2006-03-20T03:00:00Z,23.1,-0.1
37107,2008-02-20T15:00:00Z,20.2,-2.85
37107,2011-02-06T21:00:00Z,22.5,-0.5499999999999999
37107,2012-02-25T21:00:00Z,31.2,-0.2
37107,2013-12-10T06:00:00Z,22.4,-0.75
37112,2004-03-05T09:00:00Z,25,-2.1999999999999997
37112,2006-11-05T09:00:00Z,26.3,-0.975
37112,2015-04-10T03:00:00Z,33.3,-0.8
37126,1977-04-18T15:00:00Z,21.799999999999997,-1.425
37126,1981-03-30T03:00:00Z,30.1,-8.05
37126,1996-02-09T15:00:00Z,22.6,-1.05
37196,1977-02-19T09:00:00Z,21.3,-2.0749999999999997
37196,1977-02-28T18:00:00Z,26.5,-0.45
37196,1977-04-18T21:00:00Z,27.200000000000003,-1.4666666666666668
37196,1977-10-21T06:00:00Z,26.4,-3.8
37196,1977-11-11T03:00:00Z,24.400000000000002,-1.375
37196,1978-02-21T12:00:00Z,24,-1.7249999999999999
37196,1978-03-21T12:00:00Z,21.200000000000003,-0.325
37196,1978-12-15T21:00:00Z,21.4,-2.2
37196,1978-12-28T03:00:00Z,21.6,-3.3499999999999996
37196,1978-12-31T06:00:00Z,24.2,-0.875
37196,1979-01-02T15:00:00Z,26.200000000000003,-0.225
37196,1979-01-03T12:00:00Z,43.2,-0.1
37196,1979-01-04T06:00:00Z,30.900000000000002,-4.225
37196,1979-10-26T03:00:00Z,21,-1.5
37196,1980-01-28T06:00:00Z,21.799999999999997,-3.6
37196,1980-03-05T06:00:00Z,28.2,-6.55
37196,1980-12-06T15:00:00Z,22.4,-3.375
37196,1981-01-07T06:00:00Z,22.5,-1.5
37196,1981-01-10T21:00:00Z,31.3,-1.875
37196,1981-11-03T15:00:00Z,36.1,-1.575
37196,1981-11-12T21:00:00Z,22.7,-2.85
37196,1981-11-13T15:00:00Z,24.5,-4.4
37196,1981-12-08T18:00:00Z,20.5,-0.175
37196,1981-12-17T00:00:00Z,42.3,-1.6
37196,1981-12-18T00:00:00Z,21.700000000000003,-0.775
37196,1981-12-18T12:00:00Z,21.1,-5.175
37196,1982-01-08T03:00:00Z,34.800000000000004,-1.275
37196,1982-01-13T15:00:00Z,20.4,-8.125
37196,1982-12-31T03:00:00Z,32.2,-3.9
37196,1983-01-21T15:00:00Z,22.4,-1.525
37196,1983-01-24T03:00:00Z,26.5,-8.75
37196,1983-11-12T18:00:00Z,23.7,-3.65
37196,1984-11-28T21:00:00Z,40.2,-4.75
37196,1985-01-11T12:00:00Z,20.4,-2.325
37196,1985-02-08T03:00:00Z,22.5,-5.275
37196,1986-01-18T00:00:00Z,24.4,-1.35
37196,1986-01-18T12:00:00Z,20.7,-5.125
37196,1986-02-27T03:00:00Z,29.7,-3.3
37196,1986-04-22T18:00:00Z,25.2,-0.775
37196,1986-12-21T06:00:00Z,20.5,-4.8
37196,1986-12-29T06:00:00Z,30.6,-3.25
37196,1986-12-29T18:00:00Z,20.3,-5.875
37196,1987-01-04T06:00:00Z,23.9,-0.525
37196,1987-01-04T18:00:00Z,31.5,-1.45
37196,1987-01-05T06:00:00Z,38.7,-3.6999999999999997
37196,1987-01-08T18:00:00Z,29.9,-2.475
37196,1987-01-09T06:00:00Z,43,-2.675
37196,1987-01-29T06:00:00Z,23.3,-1.225
37196,1987-01-29T18:00:00Z,42.2,-1.275
37196,1987-02-25T06:00:00Z,24.1,-1.925
37196,1987-11-21T00:00:00Z,29.1,-1.45
37196,1987-12-12T00:00:00Z,24.5,-0.45
37196,1988-03-15T18:00:00Z,20.5,-2.8
37196,1988-03-30T00:00:00Z,21.5,-0.9500000000000001
37196,1988-05-12T00:00:00Z,22.2,-1
37196,1988-11-16T18:00:00Z,22.1,-3.5
37196,1988-12-10T21:00:00Z,25.7,-1.1500000000000001
37196,1988-12-11T09:00:00Z,30,-2.65
37196,1989-03-01T15:00:00Z,26.1,-3
37196,1989-03-27T00:00:00Z,20.1,-3.3
37196,1989-11-16T18:00:00Z,20.9,-1.1
37196,1989-11-27T06:00:00Z,39.6,-0.825
37196,1989-12-10T18:00:00Z,41.1,-1.825
37196,1990-02-16T21:00:00Z,26.5,-3.1
37196,1990-05-21T03:00:00Z,21.5,-0.4
37196,1990-12-05T03:00:00Z,27.2,-0.2
37196,1991-02-16T18:00:00Z,23.2,-2.4
37196,1991-12-27T06:00:00Z,27,-3.15
37196,1992-11-10T00:00:00Z,20.1,-1.6500000000000001
37196,1993-01-26T18:00:00Z,38.2,-3.05
37196,1993-01-27T06:00:00Z,43.6,-2.45
37196,1993-01-27T18:00:00Z,42.7,-3.175
37196,1993-01-28T18:00:00Z,20.4,-7.625
37196,1993-04-10T18:00:00Z,22.2,-2.125
37196,1994-01-19T18:00:00Z,20.6,-4.175
37196,1994-01-30T18:00:00Z,21.1,-1.375
37196,1994-11-26T06:00:00Z,27.7,-3.45
37196,1995-12-21T18:00:00Z,20.6,-3.175
37196,1995-12-31T06:00:00Z,23.9,-1.125
37196,1996-12-24T06:00:00Z,33.5,-0.5
37196,1996-12-27T15:00:00Z,35.6,-0.525
37196,1996-12-28T03:00:00Z,26.4,-0.3
37196,1996-12-29T15:00:00Z,28,-3.2
37196,1996-12-30T03:00:00Z,37.3,-5.775
37196,1997-01-06T06:00:00Z,25.1,-1.675
37196,1997-02-01T18:00:00Z,22.5,-8.725
37196,1997-02-17T18:00:00Z,23,-2.125
37196,1997-04-07T09:00:00Z,21.4,-1.975
37196,1998-01-10T06:00:00Z,21.8,-5.425
37196,1998-03-23T18:00:00Z,22,-4.275
37196,1998-11-18T21:00:00Z,24,-0.775
37196,1999-01-10T18:00:00Z,21.4,-0.85
37196,1999-02-02T18:00:00Z,34.5,-3.025
37196,1999-02-08T06:00:00Z,27.7,-2.375
37196,1999-05-07T03:00:00Z,36.5,-1.55
37196,1999-10-12T00:00:00Z,24.2,-0.7333333333333334
37196,1999-10-29T00:00:00Z,27.4,-1.1666666666666667
37196,2000-01-18T06:00:00Z,20.3,-7.25
37196,2000-01-18T18:00:00Z,23,-6.825
37196,2000-01-19T06:00:00Z,20.2,-6.975
37196,2000-01-25T06:00:00Z,20.6,-2.825
37196,2000-01-25T18:00:00Z,28.8,-5.35
37196,2000-03-11T06:00:00Z,23.9,-5.325
37196,2000-03-20T06:00:00Z,21.3,-2.8
37196,2000-12-17T15:00:00Z,27.3,-1.7
37196,2001-02-19T18:00:00Z,20.9,-3.775
37196,2001-02-23T06:00:00Z,41.2,-8.725
37196,2001-02-23T18:00:00Z,24.4,-8.325
37196,2001-02-25T06:00:00Z,33.3,-0.5750000000000001
37196,2001-02-25T18:00:00Z,27.6,-0.875
37196,2001-11-16T18:00:00Z,20.6,-4.425
37196,2001-11-21T06:00:00Z,32,-2.25
37196,2001-12-14T18:00:00Z,24.9,-2.25
37196,2001-12-17T06:00:00Z,24.1,-2.025
37196,2001-12-19T06:00:00Z,20.1,-2.225
37196,2001-12-26T15:00:00Z,29.5,-2.95
37196,2002-01-02T18:00:00Z,27,-6.05
37196,2002-03-09T00:00:00Z,23.3,-3.675
37196,2002-10-29T12:00:00Z,27.5,-0.675
37196,2003-01-07T00:00:00Z,29.3,-1.85
37196,2003-01-09T00:00:00Z,23,-0.65
37196,2003-02-01T06:00:00Z,23.4,-1.5
37196,2003-10-30T03:00:00Z,23.7,-0.675
37196,2004-01-23T18:00:00Z,20,-1.9249999999999998
37196,2004-02-10T00:00:00Z,24.9,-1.25
37196,2004-02-10T12:00:00Z,32.1,-4.574999999999999
37196,2004-03-30T03:00:00Z,23.4,-0.6666666666666666
37196,2004-10-13T03:00:00Z,30.8,-2
37196,2004-11-21T18:00:00Z,50.6,-6.1000000000000005
37196,2005-02-28T09:00:00Z,38,-2.225
37196,2005-02-28T21:00:00Z,24.9,-2.525
37196,2005-03-09T06:00:00Z,30.2,-3.875
37196,2005-03-19T06:00:00Z,21.7,-1.925
37196,2005-03-19T18:00:00Z,26.1,-2.625
37196,2006-01-20T06:00:00Z,22,-7.525
37196,2006-02-11T18:00:00Z,34.6,-1.575
37196,2006-02-12T06:00:00Z,31.8,-1.775
37196,2006-03-03T06:00:00Z,21.2,-0.6
37196,2006-03-03T18:00:00Z,27.9,-4.6
37196,2006-03-09T15:00:00Z,33,-1.525
37196,2006-03-25T15:00:00Z,20.4,-0.44999999999999996
37196,2006-11-11T18:00:00Z,27.3,-1.375
37196,2006-11-14T09:00:00Z,49.5,-3.5
37196,2006-12-25T18:00:00Z,44.2,-7.25
37196,2007-01-28T06:00:00Z,58.2,-1.475
37196,2007-01-28T18:00:00Z,37.6,-8.4
37196,2007-02-23T18:00:00Z,25.5,-3.15
37196,2007-11-03T12:00:00Z,24.5,-3.75
37196,2007-11-11T12:00:00Z,29,-2.25
37196,2007-11-27T18:00:00Z,27.2,-2.9499999999999997
37196,2007-12-01T18:00:00Z,26.9,-2.15
37196,2008-01-29T18:00:00Z,21.2,-10.6
37196,2008-03-22T03:00:00Z,53,-0.1
37196,2008-12-10T06:00:00Z,26.2,-3.25
37196,2008-12-25T06:00:00Z,22.3,-3.45
37196,2009-01-17T18:00:00Z,21,-1.7
37196,2009-02-16T06:00:00Z,20.4,-2.725
37196,2009-03-11T06:00:00Z,25.5,-0.675
37196,2009-03-19T18:00:00Z,34.3,-2.625
37196,2009-11-16T03:00:00Z,22.8,-0.9
37196,2009-12-13T21:00:00Z,27.4,-1.3499999999999999
37196,2010-01-03T03:00:00Z,43.1,-1.725
37196,2010-01-03T15:00:00Z,23,-2.6500000000000004
37196,2010-01-04T03:00:00Z,25,-2.575
37196,2010-01-04T15:00:00Z,28,-5.525
37196,2010-01-23T18:00:00Z,22.6,-1
37196,2010-02-16T09:00:00Z,36.7,-1.6
37196,2010-03-07T03:00:00Z,30.5,-2.55
37196,2010-03-07T15:00:00Z,21.2,-7.1
37196,2010-12-13T00:00:00Z,22,-1.9500000000000002
37196,2010-12-18T06:00:00Z,26.8,-0.7999999999999999
37196,2011-03-07T06:00:00Z,28.9,-2.3
37196,2011-04-09T03:00:00Z,25.2,-1.4
37196,2011-04-09T18:00:00Z,22,-2.65
37196,2012-01-09T18:00:00Z,21.5,-2.8
37196,2012-01-15T06:00:00Z,35.5,-5.325
37196,2012-01-16T18:00:00Z,26.8,-4.95
37196,2012-03-26T18:00:00Z,30,-3.7
37196,2012-03-31T09:00:00Z,23.4,-3.425
37196,2012-04-02T03:00:00Z,20.8,-0.25
37196,2012-04-02T15:00:00Z,39.3,-2.475
37196,2014-01-13T06:00:00Z,29.2,-4.225
37196,2014-01-22T18:00:00Z,31.1,-1.7
37196,2014-03-16T21:00:00Z,33.3,-3.075
37196,2014-03-29T06:00:00Z,34,-1.6
37196,2014-03-29T18:00:00Z,24.4,-8.875
37196,2014-11-23T06:00:00Z,21.7,-6.275
37196,2014-12-22T06:00:00Z,23.2,-3.125
37196,2014-12-31T03:00:00Z,39.1,-0.35
37196,2015-01-06T06:00:00Z,25.9,-1.8
37196,2015-01-06T18:00:00Z,28.7,-2.075
37196,2015-04-03T00:00:00Z,37.1,-4.275
37196,2015-04-15T06:00:00Z,20.7,-1.05
37196,2015-04-20T03:00:00Z,37.6,-0.975
37196,2015-11-16T21:00:00Z,22.1,-1.6749999999999998
37196,2015-12-02T06:00:00Z,24.8,-3.4250000000000003
37196,2016-02-02T06:00:00Z,30.7,-7.525
37228,1983-12-30T00:00:00Z,33.1,-1
37228,1992-12-18T18:00:00Z,20.1,-5.65
37228,1998-02-14T00:00:00Z,21.2,-2.875
37228,2000-02-27T21:00:00Z,23.6,-3.9499999999999997
37228,2002-02-27T00:00:00Z,32.2,-0.8500000000000001
37228,2004-11-22T18:00:00Z,20.4,-3.4
37228,2005-03-04T18:00:00Z,22.8,-1.55
37461,1977-03-02T15:00:00Z,21.3,-1.725
37461,1977-10-17T15:00:00Z,21.2,-5.6000000000000005
37461,1978-04-25T03:00:00Z,27.400000000000002,-4.275
37461,1978-06-21T12:00:00Z,24.6,-2.0749999999999997
37461,1978-06-25T00:00:00Z,31.3,-0.7000000000000001
37461,1979-04-25T03:00:00Z,20.200000000000003,-3.125
37461,1980-04-12T15:00:00Z,30.9,-3.1999999999999997
37461,1980-04-15T18:00:00Z,25.1,-10.125
37461,1980-04-26T00:00:00Z,22.6,-0.4
37461,1980-05-05T00:00:00Z,25.3,-1.2333333333333334
37461,1980-09-18T00:00:00Z,20.4,-0.6666666666666667
37461,1980-09-20T18:00:00Z,23.9,-1.475
37461,1980-11-22T06:00:00Z,20.099999999999998,-4.475
37461,1981-01-18T18:00:00Z,21.2,-7.074999999999999
37461,1981-03-20T18:00:00Z,22.599999999999998,-1.25
37461,1981-10-15T21:00:00Z,39.7,-2.825
37461,1981-11-05T03:00:00Z,21.3,-9.775
37461,1981-11-12T15:00:00Z,24.4,-1.425
37461,1982-04-27T18:00:00Z,23.400000000000002,-3.15
37461,1983-01-01T15:00:00Z,22.1,-12.1
37461,1983-09-20T03:00:00Z,23.9,-1.775
37461,1983-10-04T06:00:00Z,20.1,-2.075
37461,1984-04-02T15:00:00Z,21.6,-6.275
37461,1984-10-17T18:00:00Z,21.1,-4.525
37461,1984-10-18T06:00:00Z,22.3,-9.9
37461,1984-11-12T15:00:00Z,20.7,-6.025
37461,1985-10-20T06:00:00Z,21.1,-0.8
37461,1986-10-23T09:00:00Z,23.3,-1.875
37461,1987-10-03T03:00:00Z,35.9,-4.175
37461,1988-08-29T18:00:00Z,21.3,-0.575
37461,1989-04-18T00:00:00Z,26.2,-1.1
37461,1990-05-06T21:00:00Z,31.1,-4.175
37461,1990-05-12T18:00:00Z,29.3,-2
37461,1990-09-30T15:00:00Z,24.1,-0.425
37461,1991-05-03T15:00:00Z,24.7,-3.225
37461,1991-05-13T15:00:00Z,42.3,-1.525
37461,1991-05-22T03:00:00Z,22,-1.2333333333333334
37461,1991-05-28T15:00:00Z,26.2,-1.3
37461,1992-04-13T18:00:00Z,23.1,-3.5999999999999996
37461,1992-07-10T06:00:00Z,46.8,-0.7
37461,1992-09-24T00:00:00Z,20.3,-0.25
37461,1992-09-25T03:00:00Z,31.3,-1.675
37461,1992-09-27T06:00:00Z,26.9,-3.375
37461,1993-04-11T06:00:00Z,26.3,-1.75
37461,1993-04-19T18:00:00Z,25.6,-1.7750000000000001
37461,1993-09-21T06:00:00Z,22.6,-3.8
37461,1994-06-03T06:00:00Z,22.1,-1.875
37461,1995-04-03T06:00:00Z,55.1,-0.75
37461,1995-04-03T18:00:00Z,29.1,-0.6
37461,1995-11-10T18:00:00Z,22.1,-6.575
37461,2000-04-09T21:00:00Z,23.7,-2.4
37461,2000-05-08T18:00:00Z,22,-2.15
37461,2000-06-11T18:00:00Z,32.7,-2.9
37461,2001-03-24T18:00:00Z,33.1,-4.625
37461,2001-04-30T21:00:00Z,34.8,-1.125
37461,2002-01-03T18:00:00Z,34.6,-5.925
37461,2002-03-27T00:00:00Z,28.3,-2.35
37461,2002-05-11T18:00:00Z,21.3,-2.625
37461,2003-10-28T18:00:00Z,29.6,-1.675
37461,2004-03-06T03:00:00Z,33.8,-1.5
37461,2004-03-30T12:00:00Z,30.3,-6.3
37461,2004-04-17T18:00:00Z,25.8,-7.6000000000000005
37461,2004-11-22T18:00:00Z,32.1,-5.4
37461,2005-04-27T00:00:00Z,36.3,-0.55
37461,2005-10-19T21:00:00Z,39.8,-2.45
37461,2006-11-06T00:00:00Z,50.9,-1.425
37461,2007-04-18T18:00:00Z,23.9,-0.6
37461,2007-10-16T21:00:00Z,45.2,-3.125
37461,2007-10-17T09:00:00Z,20.5,-4.2
37461,2008-04-17T18:00:00Z,34.7,-5.125
37461,2009-10-31T12:00:00Z,22.7,-1.5
37461,2009-11-16T00:00:00Z,20.2,-2.6750000000000003
37461,2010-03-16T03:00:00Z,35.3,-2.9
37461,2010-04-23T12:00:00Z,23.6,-2.75
37461,2011-04-06T18:00:00Z,25.7,-3.3249999999999997
37461,2011-06-23T18:00:00Z,26.8,-1.075
37461,2011-10-19T21:00:00Z,26.2,-4.625
37461,2013-03-18T00:00:00Z,21.1,-2.925
37461,2015-04-11T00:00:00Z,26.4,-2.4
37461,2015-04-20T12:00:00Z,20.6,-1.575
37461,2015-05-14T18:00:00Z,21,-0.55
37470,1982-12-03T21:00:00Z,21.1,-0.675
37470,1984-02-14T00:00:00Z,24.2,-1.25
37470,2012-12-15T18:00:00Z,37.7,-0.475
37472,1990-02-20T06:00:00Z,30.7,-1.825
37663,1992-11-24T18:00:00Z,29.7,-1.15
37663,2004-02-23T06:00:00Z,27,-0.8500000000000001
37663,2004-03-06T06:00:00Z,31.7,-2.875
37663,2004-03-06T18:00:00Z,22.7,-5.1
37663,2016-01-01T18:00:00Z,20,-7
28064,1990-04-02T18:00:00Z,20.7,-1.075
28064,2004-10-14T18:00:00Z,29.3,-1.075
28138,2013-10-13T18:00:00Z,23.6,-0.225
28144,1984-10-10T03:00:00Z,21.299999999999997,-2.85
28255,2014-04-25T18:00:00Z,23.1,-4.375
28312,2014-10-17T18:00:00Z,23.4,-1.85
28367,1997-11-06T06:00:00Z,21.6,-4.6
28402,2002-05-21T15:00:00Z,27.3,-1.1
28418,1984-11-01T06:00:00Z,34.5,-2.55
28440,1982-10-02T03:00:00Z,24.9,-1.2
28440,1984-05-02T15:00:00Z,24.3,-0.725
28440,2014-10-17T18:00:00Z,22.9,-3.425
28445,2000-05-02T03:00:00Z,22.2,-0.1
28537,1981-05-17T00:00:00Z,26.4,-2.4
28561,1988-11-02T18:00:00Z,20.6,-4.825
28573,2016-03-21T06:00:00Z,25.1,-2.8
28630,1981-05-16T18:00:00Z,26.200000000000003,-1.9249999999999998
28630,1998-10-07T18:00:00Z,24.8,-4.025
28630,1998-11-06T00:00:00Z,20.3,-0.1
28698,1993-10-24T06:00:00Z,22,-7.475
28698,2014-10-21T00:00:00Z,23.3,-5.525
28823,1998-12-23T12:00:00Z,22,-5.5
29023,1996-05-21T12:00:00Z,23.1,-0.5
29023,2009-05-02T15:00:00Z,22.1,-1.975
29111,1983-05-18T12:00:00Z,22.8,-2.075
29111,2009-05-02T15:00:00Z,26.7,-1.4
23734,2000-04-04T18:00:00Z,23.3,-7
23804,1992-10-24T06:00:00Z,22.1,-5.3
23867,1983-05-18T06:00:00Z,21.3,-1.05
23867,1994-05-28T03:00:00Z,23.3,-1.1
23891,2001-11-19T15:00:00Z,21.2,-8.025
23921,2015-10-08T18:00:00Z,24.8,-2.1999999999999997
23933,1980-05-19T03:00:00Z,28.7,-0.425
23933,2007-05-02T15:00:00Z,20.4,-0.6
23966,2010-05-03T00:00:00Z,20,-0.2
23986,2012-05-25T00:00:00Z,29.4,-0.5333333333333333
23986,2014-04-11T06:00:00Z,28.2,-1.5
24136,1990-10-29T12:00:00Z,723.1,-88.9
24136,1990-10-30T00:00:00Z,422.2,-50.6
24136,1990-10-31T09:00:00Z,313.5,-63.4
24507,2007-05-13T09:00:00Z,24.2,-1.8
24538,2008-10-10T15:00:00Z,38.8,-6.55
24606,2014-04-11T18:00:00Z,24.2,-2.175
24641,1985-09-17T15:00:00Z,21.2,-0.5
24713,1989-10-13T03:00:00Z,20.5,-10.2
24802,1998-09-23T03:00:00Z,20.3,-3.175
24802,2007-05-31T00:00:00Z,23.2,-0.875
24982,2005-10-13T12:00:00Z,29,-1.325
24982,2012-10-06T12:00:00Z,24.1,-0.875
25034,1990-08-30T03:00:00Z,2777.4,-12.8
25034,1990-08-31T03:00:00Z,1651,-38.400000000000006
25034,2003-12-30T12:00:00Z,31.6,-25.6
25034,2003-12-31T00:00:00Z,21.9,-26.875
25138,1990-08-14T15:00:00Z,723.1,-25.6
25138,1990-08-15T06:00:00Z,2470.2,-57.6
25138,1990-08-15T21:00:00Z,3910.1,-38.4
25173,1980-01-19T09:00:00Z,26,-30.5
25248,1982-12-07T12:00:00Z,23.7,-10
25356,1982-01-20T03:00:00Z,20.6,-2.05
25356,1989-09-24T15:00:00Z,1049.2,-63.474999999999994
25356,1989-09-25T12:00:00Z,415.9,-37.7
25356,1989-09-25T18:00:00Z,422.2,-50.5
25356,1989-09-26T06:00:00Z,614.4,-76.8
25372,1978-11-10T09:00:00Z,23.099999999999998,-7.025
25372,1978-12-01T09:00:00Z,24.7,-16.375
25372,1979-04-17T21:00:00Z,31.599999999999998,-19.075
25372,1982-12-13T03:00:00Z,21.3,-16.575
25372,1990-07-17T09:00:00Z,1036.6,-38.4
25372,1990-07-18T00:00:00Z,1241.4,-64
25372,1990-07-18T12:00:00Z,1753.4,-42.666666666666664
25372,1990-07-19T03:00:00Z,620.7,-25.6
25372,1990-07-19T09:00:00Z,620.7,-12.8
25372,1990-07-19T15:00:00Z,2169.2999999999997,-57.6
25372,1990-07-20T03:00:00Z,1235.1,-19.200000000000003
25372,1990-07-20T15:00:00Z,1759.6999999999998,-76.8
25372,1990-07-21T06:00:00Z,1132.7,-89.6
25372,1994-12-28T21:00:00Z,21.2,-23.125
25378,1988-01-13T06:00:00Z,1759.7,-29.166666666666664
25378,1988-01-13T21:00:00Z,1446.2,-37.7
25378,1988-01-14T15:00:00Z,831.8,-50.5
25378,1988-01-15T03:00:00Z,2066.9,-71.83333333333333
25378,1988-01-15T15:00:00Z,518.3,-50.5
25378,2002-04-25T09:00:00Z,22.8,-0.925
25399,1990-11-16T21:00:00Z,25.7,-5.6
25428,1988-01-28T03:00:00Z,313.5,-37.7
25428,1988-01-28T12:00:00Z,729.4,-31.3
25428,1988-01-28T21:00:00Z,307.2,-12.1
25428,1988-01-29T09:00:00Z,102.4,-63.4
25428,1988-01-30T12:00:00Z,108.7,-76.2
25428,1988-01-30T18:00:00Z,115,-18.6
25428,2013-10-04T00:00:00Z,26.1,-4.475
25551,2013-12-05T12:00:00Z,20.3,-1.675
29570,2016-05-08T21:00:00Z,25.3,-0.44999999999999996
29580,2000-09-27T06:00:00Z,23.2,-0.2
29645,2009-11-04T12:00:00Z,20.9,-2.7
29752,1977-09-30T21:00:00Z,30,-4.125
29752,1978-04-08T15:00:00Z,23.1,-3.325
29752,1978-05-03T21:00:00Z,24.4,-2.8
29752,1978-12-31T15:00:00Z,26.9,-3.2
29752,1982-09-22T12:00:00Z,21.2,-1.975
29752,1982-09-29T12:00:00Z,25.9,-6.575
29752,1983-09-17T00:00:00Z,20.7,-0.55
29752,1983-10-30T03:00:00Z,21.9,-1
29752,1984-04-24T00:00:00Z,23.2,-7.475
29752,1984-11-19T15:00:00Z,20.4,-13.675
29752,1984-11-27T15:00:00Z,21.5,-1.325
29752,1984-11-28T15:00:00Z,26.1,-13.175
29752,1985-10-03T15:00:00Z,21.9,-1.5
29752,1985-10-04T03:00:00Z,20.2,-1.775
29752,1985-10-05T06:00:00Z,22.1,-1
29752,1985-10-05T18:00:00Z,22.1,-1.3
29752,1985-10-24T03:00:00Z,29.6,-3.025
29752,1985-10-24T15:00:00Z,29.4,-2.8249999999999997
29752,1985-10-25T03:00:00Z,31.1,-2.05
29752,1985-10-25T15:00:00Z,30.1,-2.7249999999999996
29752,1985-10-26T03:00:00Z,28.1,-3.05
29752,1985-10-29T15:00:00Z,23.2,-2.075
29752,1985-10-30T09:00:00Z,25.6,-0.825
29752,1987-11-08T12:00:00Z,21.3,-4.925
29752,1987-12-24T15:00:00Z,24.8,-3.65
29752,1987-12-25T03:00:00Z,21.7,-2.95
29752,1988-01-19T03:00:00Z,26.4,-24.1
29752,1989-04-05T15:00:00Z,26.7,-0.875
29752,1990-12-03T15:00:00Z,22.2,-3.075
29752,1991-10-15T15:00:00Z,22.7,-1.875
29752,1993-01-27T15:00:00Z,24,-5.175
29752,1993-05-11T03:00:00Z,20.2,-1.525
29752,1993-10-20T21:00:00Z,20.7,-5.8
29752,1994-04-01T12:00:00Z,35.3,-6.275
29752,1995-10-15T15:00:00Z,20.3,-0.75
29752,1995-10-17T09:00:00Z,27.3,-1.9
29752,1995-12-30T15:00:00Z,22.9,-1.375
29752,1996-12-24T15:00:00Z,24.3,-3.1
29752,1996-12-26T03:00:00Z,25.8,-6.95
29752,1997-10-19T00:00:00Z,30.1,-4.325
29752,1997-11-11T03:00:00Z,24.7,-6.25
29752,1998-02-24T03:00:00Z,23.6,-12.325
29752,1998-04-01T18:00:00Z,22.9,-4.45
29752,1998-04-10T18:00:00Z,25.2,-1.275
29752,1998-04-13T15:00:00Z,21.3,-5.875
29752,1998-04-29T15:00:00Z,32.6,-1
29752,1998-10-09T09:00:00Z,26.1,-4.55
29752,1998-10-13T15:00:00Z,22.6,-0.5
29752,1998-10-31T03:00:00Z,20.7,-1.8
29752,1998-11-21T03:00:00Z,23.7,-0.825
29752,1998-12-31T03:00:00Z,21.1,-8.95
29752,2000-10-21T03:00:00Z,21.3,-4.425
29752,2001-02-27T15:00:00Z,22.6,-3.175
29752,2001-10-12T15:00:00Z,20.3,-1.35
29752,2001-11-05T03:00:00Z,22.8,-2.225
29752,2002-01-09T15:00:00Z,21.2,-1.425
29752,2002-03-29T03:00:00Z,28.7,-0.6
29752,2002-10-14T00:00:00Z,23.3,-5.45
29752,2002-11-25T03:00:00Z,22.1,-3.65
29752,2004-02-16T15:00:00Z,21.4,-2.15
29752,2004-02-17T03:00:00Z,23.5,-4.675
29752,2004-03-24T03:00:00Z,21.7,-1.2000000000000002
29752,2004-04-16T00:00:00Z,30.9,-3.4000000000000004
29752,2004-09-22T00:00:00Z,26.4,-0.5666666666666667
29752,2005-09-23T03:00:00Z,25.6,-0.8500000000000001
29752,2006-03-29T00:00:00Z,25.4,-4.6499999999999995
29752,2007-05-09T03:00:00Z,30.6,-0.47500000000000003
29752,2007-05-09T15:00:00Z,21.8,-1.45
29752,2008-04-26T09:00:00Z,25.2,-1.75
29752,2008-11-08T12:00:00Z,26.4,-2.25
29752,2009-05-03T21:00:00Z,26.6,-3.0500000000000003
29752,2009-10-16T00:00:00Z,24.3,-1.75
29752,2009-10-21T21:00:00Z,21.7,-1.6500000000000001
29752,2009-11-04T03:00:00Z,25.9,-0.825
29752,2012-10-22T09:00:00Z,20.7,-3.9250000000000003
29752,2013-03-15T09:00:00Z,21.6,-3.55
29752,2014-10-12T03:00:00Z,21.4,-1.55
29752,2015-10-05T09:00:00Z,22.1,-1.15
29752,2016-05-12T00:00:00Z,25.6,-0.6333333333333333
29789,2012-05-10T00:00:00Z,25.7,-0.3
29838,1989-10-11T12:00:00Z,23,-2.525
29858,1979-01-06T12:00:00Z,21.3,-9.025
29858,1989-12-01T03:00:00Z,23.8,-8.5
29915,1981-05-10T21:00:00Z,22.2,-0.5333333333333333
29939,1979-01-01T09:00:00Z,24.2,-9.525
29939,2002-03-30T03:00:00Z,29.7,-2.1999999999999997
29974,1978-04-15T03:00:00Z,23,-4.775
29974,1978-04-15T15:00:00Z,21,-4.975
29974,1978-04-16T03:00:00Z,26.1,-3.525
29974,1978-09-06T00:00:00Z,21.1,-0.1
29974,1978-10-23T03:00:00Z,24.9,-5.725
29974,1979-05-02T09:00:00Z,23.9,-3.4
29974,1979-05-02T21:00:00Z,20.2,-7.55
29974,1980-10-21T03:00:00Z,20.7,-1.4
29974,1982-05-14T00:00:00Z,36.9,-1.5666666666666667
29974,1983-04-22T18:00:00Z,42.4,-1.475
29974,1985-04-26T09:00:00Z,28.8,-1.8
29974,1988-04-10T15:00:00Z,23.2,-2.5
29974,1989-05-28T15:00:00Z,23.1,-2.4
29974,1990-02-10T03:00:00Z,29.1,-8.525
29974,1994-10-31T15:00:00Z,24.1,-2.775
29974,1994-11-01T03:00:00Z,22.6,-1.65
29974,1995-04-14T15:00:00Z,20.4,-3.7
29974,1999-10-13T03:00:00Z,22.2,-4.175
29974,2002-10-21T15:00:00Z,21.2,-2.05
29974,2008-10-07T21:00:00Z,24.2,-0.425
29974,2008-11-03T15:00:00Z,22.9,-1.925
29974,2008-12-07T03:00:00Z,27.4,-7.025
29974,2008-12-10T03:00:00Z,26.7,-4.675
29974,2008-12-10T15:00:00Z,24.6,-6.25
29974,2010-12-06T15:00:00Z,29.5,-7.925
29974,2013-03-06T15:00:00Z,21.6,-5.75
29974,2013-12-29T15:00:00Z,22.9,-6.699999999999999
29998,1992-09-13T00:00:00Z,24.4,-0.2
30069,2000-03-30T15:00:00Z,21,-10.4
30356,1989-06-14T03:00:00Z,2988.5,-72.53333333333333
30356,1989-06-14T18:00:00Z,1446.1999999999998,-21.333333333333332
30356,1989-06-15T06:00:00Z,1241.3999999999999,-51.2
30356,1989-06-15T18:00:00Z,211.1,-64
30356,1989-06-16T03:00:00Z,518.3,-64
30356,1989-06-16T12:00:00Z,825.5,-76.8
30372,2012-04-24T00:00:00Z,27.4,-0.3
30385,1987-03-23T18:00:00Z,524.6,-44.1
30385,1987-03-24T06:00:00Z,723.1,-88.9
30385,1987-03-25T06:00:00Z,115,-50.5
30385,1987-03-26T03:00:00Z,217.4,-69.7
30385,1987-03-26T12:00:00Z,204.8,-24.599999999999998
30385,1987-09-19T21:00:00Z,1542.3,-25.6
30385,1987-09-20T06:00:00Z,620.7,-64
30385,1987-09-20T12:00:00Z,921.6,-25.6
30385,1987-09-20T21:00:00Z,422.2,-51.2
30385,1990-10-11T18:00:00Z,1542.3,-21.633333333333333
30385,1990-10-12T06:00:00Z,422.2,-21.333333333333336
30385,1990-10-14T18:00:00Z,108.7,-76.8
30385,1990-10-15T09:00:00Z,211.1,-12.8
30385,2008-10-24T03:00:00Z,20.8,-6.3
30393,1978-05-06T15:00:00Z,20.3,-0.9500000000000001
30393,1991-06-15T21:00:00Z,32.2,-0.15000000000000002
30393,1996-09-18T00:00:00Z,25.8,-0.25
30393,1996-09-18T12:00:00Z,24.2,-1.25
30393,1996-09-19T03:00:00Z,23.4,-1.45
30393,1996-10-22T15:00:00Z,26.6,-7.35
30393,2005-08-29T03:00:00Z,20.3,-0.775
30393,2009-05-11T15:00:00Z,26.2,-2.425
30393,2015-04-29T21:00:00Z,21.3,-0.5
30469,1987-10-01T12:00:00Z,21.6,-0.925
30469,1988-12-31T00:00:00Z,115,-50.6
30471,1984-09-22T21:00:00Z,22.1,-1.2
30471,1987-05-12T21:00:00Z,326.1,-72.06666666666666
30471,1987-05-14T03:00:00Z,1554.8999999999999,-46.93333333333334
30471,1987-05-15T06:00:00Z,518.3,-51.2
30471,1989-11-21T18:00:00Z,313.5,-28.95
30471,1989-11-22T06:00:00Z,723.1,-88.9
30471,1989-11-22T12:00:00Z,422.2,-63.3
30471,1989-11-22T21:00:00Z,1254,-53.7
30471,1989-12-29T06:00:00Z,1542.3,-42.275
30471,1990-10-18T15:00:00Z,1036.6,-32
30471,1990-10-20T03:00:00Z,422.2,-76.8
30471,2008-04-19T18:00:00Z,23.2,-1.575
30471,2010-04-25T15:00:00Z,20.1,-4.325
30471,2013-10-12T12:00:00Z,20,-3.8
30484,1984-05-06T03:00:00Z,20.8,-0.175
30484,1984-09-23T09:00:00Z,20.1,-1.5
30484,1987-04-06T15:00:00Z,20.6,-5.8
30484,2002-04-28T21:00:00Z,23.2,-3.8
30493,1996-04-23T15:00:00Z,21.6,-2.45
30493,2001-10-15T15:00:00Z,20.6,-7.725
30493,2004-09-27T18:00:00Z,22,-1.65
30504,2006-10-05T12:00:00Z,21,-3.35
30536,2002-04-05T15:00:00Z,22.6,-4.65
30536,2003-10-08T12:00:00Z,25.2,-2.775
30536,2006-10-06T12:00:00Z,23.3,-0.42500000000000004
30536,2008-12-05T15:00:00Z,24.1,-7.9
25563,1980-02-09T21:00:00Z,21,-16.400000000000002
25563,1980-11-10T03:00:00Z,27.7,-15.4
25563,1980-11-10T15:00:00Z,27.2,-13.85
25563,1982-01-19T03:00:00Z,22.3,-8.35
25563,1984-01-14T03:00:00Z,23,-5.6
25563,1987-01-13T21:00:00Z,22.4,-12.175
25563,1988-04-10T09:00:00Z,313.5,-12.1
25563,1988-04-11T00:00:00Z,1030.3,-88.9
25563,1988-04-11T06:00:00Z,819.2,-34.05
25563,2013-03-11T21:00:00Z,27.2,-2.65
25594,1979-12-01T09:00:00Z,22.4,-2.625
25594,1980-01-05T03:00:00Z,23.299999999999997,-16.900000000000002
25594,1984-11-12T21:00:00Z,22.799999999999997,-0.575
25594,1984-12-14T15:00:00Z,22.4,-4.6
25594,1988-01-16T12:00:00Z,1337.5,-26.549999999999997
25594,1988-01-17T00:00:00Z,1439.9,-12.1
25594,1988-01-17T06:00:00Z,1235.1,-24.9
25594,1988-01-17T18:00:00Z,1228.8,-24.9
25594,1988-01-18T06:00:00Z,2771.1000000000004,-63.300000000000004
25594,1988-01-18T15:00:00Z,4006.2,-71.83333333333333
25594,1988-01-19T03:00:00Z,2054.3,-18.5
25594,1988-01-19T15:00:00Z,1030.3,-88.9
25594,1988-01-20T06:00:00Z,1331.2,-76.1
25594,1988-01-21T00:00:00Z,2982.2,-45.2
25594,1989-02-02T21:00:00Z,25.8,-3.2249999999999996
25594,1989-11-15T09:00:00Z,20.7,-3.6
25594,1993-01-10T09:00:00Z,21.1,-0.55
25594,1994-01-21T21:00:00Z,21.2,-14.125
25594,1997-11-20T09:00:00Z,23.7,-0.75
25656,1988-01-03T03:00:00Z,1030.3000000000002,-44.099999999999994
25656,1988-01-03T18:00:00Z,1644.6999999999998,-50.5
25656,1988-01-04T03:00:00Z,3602.9,-47.3
25656,1988-01-04T15:00:00Z,1439.9,-37.7
25656,1988-01-05T00:00:00Z,1958.2,-59.03333333333334
25656,1988-01-05T12:00:00Z,415.9,-37.7
25656,1988-01-05T21:00:00Z,1343.8000000000002,-37.7
25677,1984-11-20T09:00:00Z,21.1,-16.675
25677,2010-04-09T21:00:00Z,24.1,-9.675
25705,1984-10-13T03:00:00Z,21.4,-11.5
25744,1984-12-14T15:00:00Z,20.200000000000003,-17.7
25767,1982-12-19T03:00:00Z,21.6,-1.8
25767,1994-11-08T18:00:00Z,31.2,-0.325
25777,1984-03-06T15:00:00Z,29,-9.225
25913,1981-05-05T09:00:00Z,21.8,-0.7
25913,1984-10-13T00:00:00Z,21.5,-0.325
25913,1985-03-26T12:00:00Z,20.4,-6.15
25913,1985-04-09T12:00:00Z,29.1,-5.725
25913,1985-04-25T12:00:00Z,24.7,-0.4
25913,1987-04-22T12:00:00Z,31.1,-1.675
25913,1988-04-20T06:00:00Z,2169.3,-59.5
25913,1988-04-20T18:00:00Z,723.1,-24.9
25913,1988-04-21T00:00:00Z,927.9,-64
25913,1989-11-20T12:00:00Z,30.4,-4.175
25913,1990-04-23T21:00:00Z,35.8,-0.1
25913,1990-04-24T09:00:00Z,49.4,-0.1
25913,1992-11-04T00:00:00Z,20.2,-4.575
25913,1994-11-30T06:00:00Z,23.7,-3.1750000000000003
25913,1995-11-15T21:00:00Z,29,-2.475
25913,2007-11-14T00:00:00Z,28.4,-4.5
25913,2008-12-06T00:00:00Z,20.4,-1.125
25913,2013-11-17T00:00:00Z,32.8,-0.95
25916,1995-03-17T12:00:00Z,26.4,-3.1750000000000003
25916,1996-12-17T12:00:00Z,32.8,-6.825
25916,1996-12-24T00:00:00Z,73.5,-1.275
25916,2004-03-18T00:00:00Z,32.4,-3.375
25916,2004-12-08T00:00:00Z,25.5,-2.575
25916,2015-01-28T12:00:00Z,24.4,-2.775
25916,2015-01-29T00:00:00Z,23.6,-2
25922,1989-09-26T18:00:00Z,1554.9,-29.866666666666667
25922,1989-09-27T09:00:00Z,825.5,-12.8
25922,1989-09-27T15:00:00Z,2687.6000000000004,-50.849999999999994
25922,1989-09-28T03:00:00Z,3705.3,-70.39999999999999
25922,1989-09-28T15:00:00Z,825.5,-76.8
25922,1989-09-28T21:00:00Z,1446.2,-57.599999999999994
25922,1989-09-29T06:00:00Z,3097.2,-22.400000000000002
25922,1989-09-29T18:00:00Z,1343.8000000000002,-38.05
25922,1989-09-30T03:00:00Z,1446.2,-64
25922,1990-08-18T03:00:00Z,1958.1999999999998,-51.2
25922,1990-08-18T12:00:00Z,2271.7,-55.46666666666667
25922,1990-08-19T12:00:00Z,1439.9,-76.8
25922,1990-08-20T09:00:00Z,1747.1,-76.8
25922,1990-08-21T09:00:00Z,518.3,-89.6
25927,1983-12-09T03:00:00Z,20.9,-7.5
25927,1985-02-09T15:00:00Z,20.6,-1.4
25927,1997-12-29T00:00:00Z,23.5,-8.025
25927,1999-01-30T12:00:00Z,35.1,-6.675
25932,2009-02-27T12:00:00Z,23.9,-13.15
25954,1977-10-13T21:00:00Z,27.400000000000002,-1.3
25954,1988-01-25T00:00:00Z,22.5,-1.675
25956,1977-03-10T15:00:00Z,23.4,-19.05
25956,1978-12-18T12:00:00Z,23.7,-15.950000000000001
25956,1978-12-30T00:00:00Z,25.599999999999998,-10.475
25956,1980-03-14T15:00:00Z,20,-8.4
25956,1984-12-14T03:00:00Z,23.700000000000003,-13.025
25956,1990-12-27T00:00:00Z,21.6,-2.35
26063,1991-04-20T06:00:00Z,26.3,-0.65
26069,2009-12-25T21:00:00Z,20.8,-4.425
26258,1977-12-24T15:00:00Z,21.299999999999997,-1.8
26298,1990-10-21T12:00:00Z,20.2,-1.3
26359,1992-11-14T06:00:00Z,20.1,-2.675
26359,2008-03-25T09:00:00Z,20.200000000000003,-2.125
26477,1978-12-13T21:00:00Z,20.4,-6.7
